,Filename,Scene ID,Total LNP intensity in entire img,Total membrane intensity in entire img,Total nucleus intensity in entire img,LNP intensity in membrane mask,LNP intensity in nucleus mask,LNP intensity in inner membrane mask,LNP intensity in outer membrane mask,LNP intensity in membrane mask per membrane count,LNP intensity in membrane mask per nucleus count,LNP intensity in nucleus mask per nucleus count,Frac LNP intensity in membrane mask over total LNP intensity,Frac LNP intensity in nucleus mask over total LNP intensity,Frac LNP intensity in membrane inner mask over LNP intensity in membrane mask,Frac LNP intensity in membrane outer mask over LNP intensity in membrane mask,Membrane count,Nucleus count
0,exp_1_LNP_np.czi,0,2170517,11580895,4113451,585277,266930,491333,93944,34428.05882352941,23411.08,10677.2,0.2696486597432777,0.1229799167663741,0.8394879689446194,0.1605120310553806,17,25
1,exp_1_LNP_np.czi,1,2476863,24007616,6643688,1015639,413434,904319,111320,67709.26666666666,29018.257142857143,11812.4,0.4100505356977758,0.1669183963747692,0.8903941262594288,0.1096058737405712,15,35
2,exp_1_LNP_np.czi,2,2585159,26000585,8196553,1131077,406750,989678,141399,66533.94117647059,29001.97435897436,10429.48717948718,0.4375270534617019,0.1573404189065353,0.8749872908740961,0.1250127091259039,17,39
3,exp_1_LNP_np.czi,3,2310328,30273606,13382576,942666,493467,845850,96816,47133.3,24170.92307692308,12653.0,0.408022583806282,0.2135917497428936,0.8972955426418264,0.1027044573581735,20,39
4,exp_1_LNP_np.czi,4,2619181,32926922,8799630,1170506,523455,1065059,105447,106409.63636363635,32514.055555555555,14540.416666666666,0.4468977134455389,0.1998544583211317,0.9099133195387294,0.0900866804612706,11,36
5,exp_1_LNP_np.czi,5,2474903,26636551,9343210,976591,372403,873202,103389,48829.55,27902.6,10640.085714285717,0.3945976872628947,0.150471755862755,0.8941327536297181,0.1058672463702819,20,35
6,exp_1_LNP_np.czi,6,2177759,43811161,8693977,951435,368752,849773,101662,59464.6875,16691.842105263157,6469.333333333333,0.4368871854048129,0.1693263579670661,0.8931487700158182,0.1068512299841817,16,57
7,exp_1_LNP_np.czi,7,2069983,37435238,9491611,560066,188681,477504,82562,37337.73333333333,19312.620689655178,6506.241379310345,0.2705655070597198,0.0911509901289044,0.8525852310263433,0.1474147689736566,15,29
8,exp_1_LNP_np.czi,8,2118248,31643437,9556479,568830,224546,472646,96184,29938.42105263158,16252.285714285714,6415.6,0.268537961560686,0.1060055290976316,0.8309090589455549,0.169090941054445,19,35
9,exp_1_LNP_np.czi,9,2604273,36780775,11010529,1116934,504563,999035,117899,55846.7,27242.29268292683,12306.414634146342,0.4288851437618099,0.1937442810335168,0.8944440763733578,0.1055559236266422,20,41
10,exp_1_LNP_np.czi,10,2895262,40885202,8336273,999929,504651,866291,133638,52627.84210526316,43475.17391304348,21941.347826086956,0.3453673622628971,0.1743023602009075,0.866352511028283,0.133647488971717,19,23
11,exp_1_LNP_np.czi,11,2359975,43211819,27694971,1050097,533396,921557,128540,55268.26315789474,30885.20588235294,15688.117647058823,0.4449610695028549,0.2260176484920391,0.8775922605245039,0.122407739475496,19,34
12,exp_2_cellonly_np.czi,0,156052,19896119,6028621,53923,22528,47811,6112,3171.9411764705883,1997.148148148148,834.3703703703703,0.3455450747186835,0.1443621356983569,0.886653190660757,0.113346809339243,17,27
13,exp_2_cellonly_np.czi,1,157972,11776811,3560307,20902,7322,18569,2333,4180.4,4180.4,1464.4,0.1323145873952346,0.0463499860734813,0.8883838867094058,0.1116161132905942,5,5
14,exp_2_cellonly_np.czi,2,216612,15182644,7296585,60702,22445,51734,8968,4335.857142857143,1896.9375,701.40625,0.2802337820619356,0.1036184514246671,0.8522618694606438,0.1477381305393562,14,32
15,exp_2_cellonly_np.czi,3,168764,38868703,14045537,76287,42848,68216,8071,4238.166666666667,2825.4444444444443,1586.962962962963,0.4520336090635443,0.2538930103576592,0.8942021576415379,0.1057978423584621,18,27
16,exp_2_cellonly_np.czi,4,212956,31815742,21105721,84909,42056,75848,9061,4468.894736842105,2739.0,1356.645161290323,0.3987161667198858,0.1974868047859651,0.8932857529826049,0.1067142470173951,19,31
17,exp_2_cellonly_np.czi,5,269898,27755090,15624949,104223,42629,90819,13404,5211.15,2542.0243902439024,1039.7317073170732,0.3861569926416646,0.1579448532408539,0.8713911516651794,0.1286088483348205,20,41
18,exp_2_cellonly_np.czi,6,189610,27192440,11878983,92529,50765,79541,12988,3855.375,2102.931818181818,1153.75,0.487996413691261,0.2677337693159643,0.8596331960790671,0.1403668039209329,24,44
19,exp_2_cellonly_np.czi,7,205730,27963809,10238963,77826,34996,68843,8983,4096.105263157895,3242.75,1458.1666666666667,0.3782919360326641,0.1701064502017207,0.8845758486880991,0.1154241513119009,19,24
20,exp_2_cellonly_np.czi,8,249014,14851942,9853107,55031,22893,46389,8642,3439.4375,2038.1851851851852,847.8888888888889,0.2209956066727172,0.0919345900230509,0.8429612400283477,0.1570387599716523,16,27
21,exp_2_cellonly_np.czi,9,207114,52251745,13876390,118345,54143,108707,9638,6574.722222222223,2191.574074074074,1002.6481481481482,0.5714002916268335,0.2614164180113367,0.9185601419578352,0.0814398580421648,18,54
22,exp_2_cellonly_np.czi,10,232762,28933032,12494333,70379,35832,63005,7374,5027.071428571428,3199.0454545454545,1628.7272727272727,0.302364647150308,0.1539426538696179,0.8952244277412297,0.1047755722587703,14,22
23,exp_2_cellonly_np.czi,11,270286,28398445,16181330,85358,41012,73990,11368,4267.9,3048.5,1464.7142857142858,0.3158062200779915,0.1517355689898848,0.8668197474167624,0.1331802525832376,20,28
24,exp_3_LNP_VTN.czi,0,5446933,12684475,14291032,3332834,1540892,2652639,680195,166641.7,119029.78571428572,55031.857142857145,0.6118735075316697,0.2828916750031623,0.795910927456933,0.2040890725430669,20,28
25,exp_3_LNP_VTN.czi,1,4670861,19237464,14612950,2800739,1236186,2308542,492197,164749.35294117648,107720.73076923077,47545.61538461538,0.5996194277671718,0.2646591281564576,0.8242617394908986,0.1757382605091013,17,26
26,exp_3_LNP_VTN.czi,2,3390824,11095102,12799443,1330728,565865,928030,402698,70038.31578947368,42926.70967741936,18253.709677419356,0.3924497408299575,0.1668812654387252,0.6973851906625547,0.3026148093374454,19,31
27,exp_3_LNP_VTN.czi,3,6628228,16569751,14228546,4542486,2101869,3980251,562235,302832.4,151416.2,70062.3,0.6853243430974312,0.3171087355474193,0.8762274666339093,0.1237725333660907,15,30
28,exp_3_LNP_VTN.czi,4,6459415,16478763,27178584,4286115,2004615,3466027,820088,225585.0,178588.125,83525.625,0.6635453829797281,0.3103400230516231,0.8086640232471597,0.1913359767528402,19,24
29,exp_3_LNP_VTN.czi,5,4881210,8184920,13085441,1849985,1040301,1260635,589350,92499.25,77082.70833333333,43345.875,0.3790013131989814,0.2131235902573337,0.6814298494312117,0.3185701505687884,20,24
30,exp_3_LNP_VTN.czi,6,6850462,6097103,20798827,2051607,1645194,1453786,597821,146543.35714285713,107979.31578947368,86589.15789473684,0.2994844727260731,0.2401581090443243,0.70860842256826,0.2913915774317401,14,19
31,exp_3_LNP_VTN.czi,7,5422870,6016900,18180522,1879369,1499523,1269016,610353,110551.11764705884,104409.38888888888,83306.83333333333,0.3465635355448314,0.2765183380755946,0.675235145413168,0.3247648545868321,17,18
32,exp_3_LNP_VTN.czi,8,4025352,3632064,19409424,38447,63413,22263,16184,38447.0,38447.0,63413.0,0.009551214403113,0.0157534049196194,0.5790568835019637,0.4209431164980363,1,1
33,exp_3_LNP_VTN.czi,9,7290660,22517352,16115121,4728420,2249796,4104656,623764,262690.0,214928.18181818185,102263.45454545454,0.6485585667141246,0.3085860539375036,0.8680819385756764,0.1319180614243235,18,22
34,exp_3_LNP_VTN.czi,10,6366783,18153770,21601578,3936972,1980547,3189236,747736,218720.66666666663,171172.69565217392,86110.73913043478,0.6183612665925633,0.3110749965877586,0.8100733253881409,0.189926674611859,18,23
35,exp_3_LNP_VTN.czi,11,4888455,10152365,11413641,2457916,1057971,1915498,542418,117043.61904761904,94535.23076923077,40691.192307692305,0.5028001689695415,0.2164223665759427,0.7793179262432076,0.2206820737567923,21,26
36,exp_4_cellonly_VTN.czi,0,187178,13016910,21286056,64703,43951,50981,13722,3081.095238095238,1903.029411764706,1292.6764705882354,0.3456763081131329,0.2348085779311671,0.7879232802188462,0.2120767197811539,21,34
37,exp_4_cellonly_VTN.czi,1,223638,8689859,17570148,45817,38717,32984,12833,2411.4210526315787,2290.85,1935.85,0.2048712651696044,0.1731235299904309,0.7199074579304625,0.2800925420695375,19,20
38,exp_4_cellonly_VTN.czi,2,370046,12128147,16972408,77784,50933,59034,18750,3241.0,2880.8888888888887,1886.4074074074072,0.2102008939429152,0.1376396448009166,0.7589478556001235,0.2410521443998765,24,27
39,exp_4_cellonly_VTN.czi,3,223121,21031564,21719770,109395,54343,95182,14213,5469.75,3315.0,1646.7575757575758,0.4902945038790611,0.2435584279382039,0.8700763288998583,0.1299236711001417,20,33
40,exp_4_cellonly_VTN.czi,4,303674,28351127,19933273,107558,48271,94350,13208,7170.533333333334,4481.583333333333,2011.2916666666667,0.35418903165895,0.158956644296186,0.8772011379906655,0.1227988620093345,15,24
41,exp_4_cellonly_VTN.czi,5,407870,15554903,14246290,101386,53934,80239,21147,4055.44,2981.9411764705883,1586.2941176470588,0.2485743006350062,0.1322333096329712,0.7914209062395202,0.2085790937604797,25,34
42,exp_4_cellonly_VTN.czi,6,268226,17326236,24321286,100194,53749,85068,15126,7156.714285714285,2946.8823529411766,1580.8529411764705,0.3735432061023167,0.2003869870929738,0.8490328762201329,0.150967123779867,14,34
43,exp_4_cellonly_VTN.czi,7,371706,16957514,19451437,98973,54261,81540,17433,6598.2,4123.875,2260.875,0.2662668883472421,0.1459782731513615,0.8238610530144584,0.1761389469855415,15,24
44,exp_4_cellonly_VTN.czi,8,413720,8145775,12099235,56023,43917,40706,15317,3112.3888888888887,2667.7619047619046,2091.285714285714,0.1354128396016629,0.106151503432273,0.7265944344287167,0.2734055655712832,18,21
45,exp_4_cellonly_VTN.czi,9,303921,23693335,21441034,114553,63354,97667,16886,5454.9047619047615,4091.178571428571,2262.6428571428573,0.3769170277802455,0.2084554867876849,0.8525922498756034,0.1474077501243965,21,28
46,exp_4_cellonly_VTN.czi,10,416596,20146982,21034539,105849,72262,85877,19972,5292.45,5040.428571428572,3441.0476190476193,0.2540806920853777,0.1734582185138599,0.8113161201333976,0.1886838798666024,20,21
47,exp_4_cellonly_VTN.czi,11,495677,13148513,14467597,109174,64723,88915,20259,6422.0,4548.916666666667,2696.7916666666665,0.2202523013978861,0.1305749510265757,0.8144338395588693,0.1855661604411306,17,24
48,exp_5_LNP_A2M.czi,0,2244914,35447345,10169256,885960,412425,812487,73473,55372.5,29532.0,13747.5,0.394652089122345,0.1837152781799213,0.9170696193959096,0.0829303806040904,16,30
49,exp_5_LNP_A2M.czi,1,2608783,58913316,15137088,1232924,610991,1136712,96212,102743.66666666669,44033.0,21821.10714285714,0.4726050422745012,0.2342053746900374,0.921964370877686,0.0780356291223141,12,28
50,exp_5_LNP_A2M.czi,2,2225357,49541615,12879305,845012,361419,757634,87378,46945.11111111111,31296.74074074074,13385.888888888889,0.3797197483370084,0.1624094471134294,0.8965955513057803,0.1034044486942197,18,27
51,exp_5_LNP_A2M.czi,3,2053729,44971576,20051699,899646,479575,816128,83518,44982.3,32130.214285714286,17127.678571428572,0.4380548748155185,0.2335142562626325,0.9071657074004664,0.0928342925995335,20,28
52,exp_5_LNP_A2M.czi,4,2565143,58432022,33806761,1435204,851286,1323448,111756,84423.76470588235,51257.28571428572,30403.071428571428,0.5595025306581348,0.331866878376761,0.9221323240459196,0.0778676759540804,17,28
53,exp_5_LNP_A2M.czi,5,1899127,45662769,22640754,854848,506993,751101,103747,42742.4,27575.74193548387,16354.612903225809,0.4501268214290039,0.2669610826448152,0.8786369038706296,0.1213630961293703,20,31
54,exp_5_LNP_A2M.czi,6,2980420,103900202,22601701,1882355,907754,1788282,94073,144796.53846153847,45911.09756097561,22140.341463414636,0.6315737379295535,0.30457250991471,0.9500237734114978,0.0499762265885021,13,41
55,exp_5_LNP_A2M.czi,7,2884589,92604568,19240529,1307934,485847,1172164,135770,87195.6,43597.8,16194.9,0.4534212672931915,0.1684285005593518,0.8961950679468536,0.1038049320531464,15,30
56,exp_5_LNP_A2M.czi,8,2125700,66605371,15517025,818680,315159,727084,91596,58477.142857142855,29238.571428571428,11255.67857142857,0.3851343086983111,0.1482612786376252,0.8881174573704012,0.1118825426295988,14,28
57,exp_5_LNP_A2M.czi,9,2442955,35474249,19764759,1001957,656621,870724,131233,55664.27777777778,38536.807692307695,25254.653846153848,0.4101414066161677,0.2687814552457986,0.8690233213600983,0.1309766786399017,18,26
58,exp_5_LNP_A2M.czi,10,2345982,44794507,18569894,1015267,552653,849458,165809,44142.04347826087,36259.53571428572,19737.60714285714,0.4327684526138734,0.2355742712433428,0.8366843401784949,0.1633156598215051,23,28
59,exp_5_LNP_A2M.czi,11,1654898,16677019,11703663,522239,303340,459896,62343,34815.933333333334,21759.958333333332,12639.166666666666,0.315571714993915,0.1832983059983153,0.8806236225176596,0.1193763774823404,15,24
60,exp_6_cellonly_A2M.czi,0,195132,39827497,16777913,67692,30589,60820,6872,4512.8,3223.4285714285716,1456.6190476190477,0.3469036344628252,0.1567605518315806,0.8984813567334397,0.1015186432665603,15,21
61,exp_6_cellonly_A2M.czi,1,266832,56490838,16776901,96144,54663,84645,11499,6009.0,3845.76,2186.52,0.3603166037057024,0.2048592372728908,0.8803981527708438,0.1196018472291562,16,25
62,exp_6_cellonly_A2M.czi,2,375946,63578236,16473224,135642,54983,117504,18138,7139.0526315789475,3875.4857142857145,1570.942857142857,0.3608018172822693,0.1462523873109436,0.8662803556420577,0.1337196443579422,19,35
63,exp_6_cellonly_A2M.czi,3,208700,61481507,27043281,116185,59747,109204,6981,8937.307692307691,3747.903225806452,1927.3225806451612,0.5567081935793005,0.2862817441303306,0.9399147910659724,0.0600852089340276,13,31
64,exp_6_cellonly_A2M.czi,4,297428,67770188,21868966,124857,57246,113208,11649,8918.357142857143,4459.178571428572,2044.5,0.41978899094907,0.1924701104132765,0.9067012662485884,0.0932987337514116,14,28
65,exp_6_cellonly_A2M.czi,5,428902,51531504,17007746,152647,81461,130348,22299,6105.88,4625.666666666667,2468.5151515151515,0.3559018144004924,0.1899291679684403,0.85391786278145,0.1460821372185499,25,33
66,exp_6_cellonly_A2M.czi,6,237649,69320312,26524140,116200,54122,103246,12954,6115.789473684211,3057.8947368421054,1424.2631578947369,0.4889564020887948,0.2277392288627345,0.8885197934595525,0.1114802065404475,19,38
67,exp_6_cellonly_A2M.czi,7,342162,35888834,18544645,95791,54336,79086,16705,4561.476190476191,3831.64,2173.44,0.2799580315756864,0.1588019709961947,0.8256099216001503,0.1743900783998496,21,25
68,exp_6_cellonly_A2M.czi,8,428140,39243800,18173373,130772,69106,111591,19181,5944.181818181818,3736.342857142857,1974.4571428571428,0.3054421450927266,0.1614098192180128,0.8533248707674426,0.1466751292325574,22,35
69,exp_6_cellonly_A2M.czi,9,225520,43938837,18841046,75447,39543,69604,5843,8383.0,3429.409090909091,1797.409090909091,0.3345468251152891,0.1753414331323164,0.9225549060930188,0.077445093906981,9,22
70,exp_6_cellonly_A2M.czi,10,347900,46793437,25511327,99919,48270,87996,11923,6661.266666666666,4344.304347826087,2098.695652173913,0.2872060937050876,0.1387467663121586,0.8806733454097819,0.119326654590218,15,23
71,exp_6_cellonly_A2M.czi,11,473804,17086105,11975012,70445,41174,57183,13262,3522.25,3354.5238095238096,1960.6666666666667,0.1486796227976125,0.0869009126136546,0.8117396550500391,0.1882603449499609,20,21
72,exp_7_LNP_CR.czi,0,3511068,93213379,20993968,1957915,1128594,1791341,166574,139851.07142857142,51524.07894736842,29699.842105263157,0.5576408659701265,0.3214389467820048,0.9149227622241006,0.0850772377758993,14,38
73,exp_7_LNP_CR.czi,1,3119460,100086332,18247201,1323777,642878,1201462,122315,77869.23529411765,50914.5,24726.07692307692,0.4243609470869958,0.2060863098100312,0.9076015069003314,0.0923984930996686,17,26
74,exp_7_LNP_CR.czi,2,3420860,59964721,12560640,1182962,582377,1080142,102820,69586.0,45498.53846153846,22399.115384615383,0.3458083639786486,0.170242862905819,0.9130825842250216,0.0869174157749784,17,26
75,exp_7_LNP_CR.czi,3,3196746,61171131,23314506,1404610,831112,1236864,167746,63845.90909090909,42563.93939393939,25185.21212121212,0.439387427089922,0.259986874152654,0.8805746790924172,0.1194253209075828,22,33
76,exp_7_LNP_CR.czi,4,2720375,71182961,22968920,909381,492634,780885,128496,45469.05,36375.24,19705.36,0.3342851628911455,0.1810904746588246,0.8586994889930624,0.1413005110069377,20,25
77,exp_7_LNP_CR.czi,5,2406112,51358885,15781506,748842,376926,647591,101251,49922.8,35659.142857142855,17948.85714285714,0.3112249138859704,0.1566535556117088,0.8647899022757805,0.1352100977242195,15,21
78,exp_7_LNP_CR.czi,6,3265441,51337354,20273030,878368,463324,775870,102498,46229.89473684211,29278.933333333334,15444.133333333331,0.2689890890694396,0.1418871141753901,0.8833085904768844,0.1166914095231156,19,30
79,exp_7_LNP_CR.czi,7,2523553,52159324,16855809,564114,283034,495349,68765,47009.5,31339.666666666668,15724.111111111111,0.2235395888257548,0.1121569469711949,0.8781008803185172,0.1218991196814828,12,18
80,exp_7_LNP_CR.czi,8,2253021,28868995,14603550,509040,342201,412149,96891,31815.0,25452.0,17110.05,0.2259366424014689,0.1518854018670931,0.8096593587930222,0.1903406412069778,16,20
81,exp_7_LNP_CR.czi,9,3308817,33956718,25101336,1259484,965869,1051392,208092,78717.75,54760.17391304348,41994.30434782609,0.3806448044724141,0.2919076515866546,0.8347799575064074,0.1652200424935926,16,23
82,exp_7_LNP_CR.czi,10,2525645,31540655,21257869,625913,460578,531600,94313,41727.53333333333,39119.5625,28786.125,0.2478230313444684,0.1823605455240146,0.8493193143456039,0.150680685654396,15,16
83,exp_7_LNP_CR.czi,11,2352369,11075694,12640753,464191,381219,387073,77118,27305.352941176472,24431.105263157893,20064.157894736843,0.1973291605186091,0.1620574833285084,0.8338658009310822,0.1661341990689177,17,19
84,exp_8_cellonly_CR.czi,0,236752,76593675,21478663,132113,61673,121699,10414,9436.642857142857,3774.657142857143,1762.0857142857142,0.5580227410961681,0.2604962154490775,0.9211735408324692,0.0788264591675308,14,35
85,exp_8_cellonly_CR.czi,1,335540,93531569,28528180,176602,65748,159127,17475,12614.42857142857,4415.05,1643.7,0.5263217500149013,0.195946831972343,0.9010486857453482,0.0989513142546517,14,40
86,exp_8_cellonly_CR.czi,2,381552,62295886,16521661,131296,43309,113591,17705,7723.294117647059,4527.448275862069,1493.4137931034484,0.3441103702771837,0.1135074642512685,0.8651520229100658,0.1348479770899342,17,29
87,exp_8_cellonly_CR.czi,3,192278,43209954,15707630,76046,34347,68613,7433,5849.692307692308,2924.846153846154,1321.0384615384614,0.3955002652409532,0.1786319807778321,0.9022565289430082,0.0977434710569918,13,26
88,exp_8_cellonly_CR.czi,4,302116,58240502,17472669,108079,54143,98089,9990,6004.388888888889,4912.681818181818,2461.0454545454545,0.3577400733493095,0.1792126203180235,0.9075676125796872,0.0924323874203129,18,22
89,exp_8_cellonly_CR.czi,5,409440,55433796,18680964,175663,75232,155473,20190,13512.53846153846,4747.648648648648,2033.2972972972973,0.4290323368503321,0.1837436498632278,0.8850640146189009,0.114935985381099,13,37
90,exp_8_cellonly_CR.czi,6,219557,51616453,24216908,103459,60110,91843,11616,4926.619047619048,3567.551724137931,2072.7586206896553,0.4712170415882891,0.2737785631977117,0.8877236393160576,0.1122763606839424,21,29
91,exp_8_cellonly_CR.czi,7,347094,55240796,22519315,112268,54702,99228,13040,7016.75,5103.090909090909,2486.4545454545455,0.3234512840901888,0.1575999585126795,0.883849360458902,0.116150639541098,16,22
92,exp_8_cellonly_CR.czi,8,427117,34133536,16197177,131223,62314,113805,17418,6561.15,4860.111111111111,2307.925925925926,0.3072296349712139,0.1458944504667339,0.8672641229052833,0.1327358770947166,20,27
93,exp_8_cellonly_CR.czi,9,219608,41742649,28464270,90374,51537,79073,11301,4107.909090909091,3012.4666666666667,1717.9,0.4115241703398783,0.2346772430876835,0.8749529732002567,0.1250470267997432,22,30
94,exp_8_cellonly_CR.czi,10,371148,53781024,23154415,107005,57343,91219,15786,5944.722222222223,4652.391304347826,2493.1739130434785,0.28830816817011,0.154501708213435,0.8524741834493715,0.1475258165506284,18,23
95,exp_8_cellonly_CR.czi,11,471885,21822960,16223493,108955,74323,91044,17911,5188.333333333333,4539.791666666667,3096.7916666666665,0.2308931201457982,0.1575023575659323,0.8356110320774631,0.1643889679225368,21,24
96,exp_9_cellonly_np.czi,0,194888,59885672,20349797,118591,69662,108480,10111,5390.5,3205.162162162162,1882.7567567567569,0.6085084766635196,0.3574463281474488,0.9147405789646768,0.085259421035323,22,37
97,exp_9_cellonly_np.czi,1,249012,86675153,23176107,139033,68084,127530,11503,8689.5625,3658.7631578947367,1791.6842105263158,0.5583385539652708,0.2734165421746743,0.9172642466177094,0.0827357533822905,16,38
98,exp_9_cellonly_np.czi,2,323802,50714951,16834842,100909,43503,89533,11376,7207.785714285715,4586.772727272727,1977.409090909091,0.3116379762941551,0.1343506216762095,0.8872647633015885,0.1127352366984114,14,22
99,exp_9_cellonly_np.czi,3,229086,48434439,32318990,155806,113908,139457,16349,9165.058823529413,5026.0,3674.451612903226,0.6801201295583318,0.4972281152056433,0.895068225870634,0.104931774129366,17,31
100,exp_9_cellonly_np.czi,4,192670,57435625,21983784,91591,49732,86378,5213,8326.454545454546,4163.227272727273,2260.5454545454545,0.4753775886230342,0.2581201017283438,0.9430839274601216,0.0569160725398783,11,22
101,exp_9_cellonly_np.czi,5,320912,84964490,26547914,139293,59900,127159,12134,9949.5,6633.0,2852.3809523809523,0.4340535723188911,0.1866555317345565,0.912888659157316,0.0871113408426841,14,21
102,exp_9_cellonly_np.czi,6,224264,70398196,21514628,128339,66853,115181,13158,5133.56,3468.6216216216217,1806.837837837838,0.572267506153462,0.2980995612314058,0.8974746569631991,0.1025253430368009,25,37
103,exp_9_cellonly_np.czi,7,246154,68136991,19316748,115014,59656,105097,9917,10455.818181818182,4600.56,2386.24,0.4672440829724481,0.2423523485297821,0.9137757142608726,0.0862242857391274,11,25
104,exp_9_cellonly_np.czi,8,314584,50023239,15377674,101534,40684,92547,8987,9230.363636363636,4615.181818181818,1849.2727272727273,0.3227564021056379,0.1293263484474734,0.9114877774932536,0.0885122225067465,11,22
105,exp_9_cellonly_np.czi,9,255186,101058879,22586104,151352,75956,141415,9937,11642.46153846154,3880.8205128205127,1947.5897435897436,0.5931046374017384,0.2976495575776101,0.9343451028067022,0.0656548971932977,13,39
106,exp_9_cellonly_np.czi,10,296092,111112719,20522049,140965,58274,130720,10245,11747.083333333334,4860.862068965517,2009.448275862069,0.4760851357010658,0.1968104508058306,0.9273223849891816,0.0726776150108182,12,29
107,exp_9_cellonly_np.czi,11,406096,160325111,22603051,193048,71338,173405,19643,13789.142857142857,5217.513513513513,1928.054054054054,0.4753752807217998,0.1756678223868248,0.8982481040984626,0.1017518959015374,14,37
108,exp_10_LNP_np.czi,0,2075927,52272598,13883261,787380,389987,703051,84329,35790.0,21280.54054054054,10540.18918918919,0.379290793944103,0.1878616155577725,0.892899235439051,0.1071007645609489,22,37
109,exp_10_LNP_np.czi,1,1690169,7946635,4846405,82049,47670,73409,8640,41024.5,41024.5,23835.0,0.0485448496570461,0.0282042801636996,0.8946970712622945,0.1053029287377055,2,2
110,exp_10_LNP_np.czi,2,2494414,35160788,13974597,1241780,646856,1115944,125836,62089.0,42820.0,22305.379310344822,0.4978243387023966,0.259321828694034,0.898664819855369,0.1013351801446311,20,29
111,exp_10_LNP_np.czi,3,2961729,44039090,27321652,1268838,777245,1136419,132419,60420.857142857145,37318.76470588235,22860.147058823528,0.4284112422169618,0.2624294795371217,0.895637583363676,0.1043624166363239,21,34
112,exp_10_LNP_np.czi,4,2104069,32938744,23064303,682306,352454,621996,60310,52485.07692307692,35910.84210526316,18550.21052631579,0.3242792893198845,0.1675106662376566,0.911608574451932,0.0883914255480678,13,19
113,exp_10_LNP_np.czi,5,1746749,42732714,24826888,414445,237065,347500,66945,23024.722222222223,19735.47619047619,11288.809523809525,0.2372664876293045,0.1357178392545237,0.838470725910555,0.1615292740894449,18,21
114,exp_10_LNP_np.czi,6,2854519,50521848,29610032,1553690,972331,1352944,200746,86316.11111111111,55488.92857142857,34726.107142857145,0.5442913499612368,0.3406286663357294,0.8707940451441407,0.1292059548558592,18,28
115,exp_10_LNP_np.czi,7,2356888,65960440,25327426,1019227,535910,945545,73682,67948.46666666666,46328.5,24359.545454545456,0.4324460899287535,0.2273803422139703,0.927707959070943,0.072292040929057,15,22
116,exp_10_LNP_np.czi,8,2717156,65766388,26963360,1415671,853906,1224053,191618,54448.88461538462,40447.74285714285,24397.314285714285,0.5210120434748686,0.3142646208020445,0.8646451046888719,0.135354895311128,26,35
117,exp_10_LNP_np.czi,9,2881560,73673793,20407894,1436567,735879,1326655,109912,84503.94117647059,57462.68,29435.16,0.4985379447243854,0.2553752134260609,0.923489819827408,0.076510180172592,17,25
118,exp_10_LNP_np.czi,10,3034809,106714354,26431210,1532251,800287,1422919,109332,109446.5,52836.24137931035,27596.103448275862,0.5048920706377238,0.263702592156541,0.9286461552317472,0.0713538447682527,14,29
119,exp_10_LNP_np.czi,11,2495349,50708201,16421587,941673,455684,822791,118882,42803.318181818184,33631.17857142857,16274.42857142857,0.3773712614948851,0.1826133338462876,0.8737544774035149,0.1262455225964852,22,28
120,exp_11_LNP_VTN.czi,0,7231688,32844959,29162688,5286228,3256579,4582550,703678,293679.3333333333,165194.625,101768.09375,0.7309812038351212,0.4503207273322632,0.8668846671010029,0.1331153328989971,18,32
121,exp_11_LNP_VTN.czi,1,6631680,33974452,22648297,4432832,2229339,3883966,548866,340987.07692307694,221641.6,111466.95,0.6684327349932445,0.3361650441517081,0.876181637382152,0.1238183626178479,13,20
122,exp_11_LNP_VTN.czi,2,4425920,16290159,13580439,1634427,921048,1269267,365160,96142.76470588236,90801.5,51169.333333333336,0.3692852559467862,0.2081031740293543,0.7765822517616265,0.2234177482383734,17,18
123,exp_11_LNP_VTN.czi,3,6649388,29634291,31056112,4638310,2632421,4012671,625639,421664.5454545454,210832.2727272727,119655.5,0.6975544215497727,0.3958892156691713,0.8651148802042123,0.1348851197957876,11,22
124,exp_11_LNP_VTN.czi,4,4022479,24618574,14613423,1433086,1023245,1174031,259055,143308.6,143308.6,102324.5,0.3562693552906056,0.2543816885060183,0.8192327606298575,0.1807672393701424,10,10
125,exp_11_LNP_VTN.czi,5,5367007,24079363,20009042,3256750,2174579,2632473,624277,148034.0909090909,135697.91666666666,90607.45833333331,0.6068093445751049,0.4051753612395139,0.8083128886159515,0.1916871113840485,22,24
126,exp_11_LNP_VTN.czi,6,6900204,37830675,27869901,4863614,2784458,4314761,548853,255979.68421052632,194544.56,111378.32,0.7048507551370945,0.403532707148948,0.8871512007326239,0.112848799267376,19,25
127,exp_11_LNP_VTN.czi,7,5967831,26029551,19703016,3539342,1997019,2959708,579634,272257.07692307694,252810.14285714287,142644.2142857143,0.5930700785595302,0.3346306220802834,0.8362311412686313,0.1637688587313687,13,14
128,exp_11_LNP_VTN.czi,8,6314825,28133990,20005143,3924347,2291671,3250700,673647,196217.35,170623.78260869565,99637.8695652174,0.6214498422363248,0.3629033266955141,0.8283416323785843,0.1716583676214157,20,23
129,exp_11_LNP_VTN.czi,9,7519311,47445626,27417629,5358557,3010792,4705446,653111,334909.8125,206098.34615384616,115799.69230769233,0.7126393628352385,0.4004079629104315,0.8781181202327417,0.1218818797672582,16,26
130,exp_11_LNP_VTN.czi,10,6800016,45820078,23091901,4260148,2132790,3681264,578884,266259.25,202864.19047619047,101561.42857142857,0.626490878844991,0.3136448502474112,0.8641164579258749,0.1358835420741251,16,21
131,exp_11_LNP_VTN.czi,11,5834455,26336153,16622277,3147124,1940628,2472260,674864,157356.2,143051.0909090909,88210.36363636363,0.539403251888994,0.3326151285767051,0.7855616747226992,0.2144383252773008,20,22
132,exp_12_LNP_A2M.czi,0,2808397,57896844,26735065,1496938,780405,1384943,111995,88055.17647058824,41581.61111111111,21677.916666666668,0.5330222187247743,0.277882720997067,0.9251839421539167,0.0748160578460831,17,36
133,exp_12_LNP_A2M.czi,1,2914024,96081475,34700187,1663974,922273,1505101,158873,92443.0,69332.25,38428.041666666664,0.5710227506705504,0.3164946479507375,0.9045219456554008,0.0954780543445991,18,24
134,exp_12_LNP_A2M.czi,2,2340452,56551632,17437805,720219,317655,607657,112562,37906.26315789474,26674.777777777777,11765.0,0.3077264562571674,0.1357237832692146,0.8437114266632788,0.1562885733367212,19,27
135,exp_12_LNP_A2M.czi,3,2565274,57416351,26360770,1179131,661183,1053933,125198,69360.64705882352,45351.192307692305,25430.115384615383,0.4596510938012859,0.2577436172510227,0.8938218060588687,0.1061781939411312,17,26
136,exp_12_LNP_A2M.czi,4,2683677,56217161,22738291,1143850,571320,1016723,127127,67285.29411764706,49732.608695652176,24840.0,0.4262249145482112,0.2128870203083307,0.8888604275036063,0.1111395724963937,17,23
137,exp_12_LNP_A2M.czi,5,2426975,46023270,22145088,1002746,526895,848081,154665,41781.083333333336,33424.86666666667,17563.166666666668,0.4131670083128174,0.2170994756847516,0.845758547029856,0.154241452970144,24,30
138,exp_12_LNP_A2M.czi,6,2124133,61736949,33904879,887930,517393,777627,110303,46733.15789473684,27747.8125,16168.53125,0.4180199639099811,0.2435784388265706,0.8757751174079038,0.1242248825920962,19,32
139,exp_12_LNP_A2M.czi,7,2476769,93165260,31074797,1128282,543867,1012624,115658,59383.26315789474,35258.8125,16995.84375,0.455545914859238,0.2195872929611118,0.8974919390719696,0.1025080609280304,19,32
140,exp_12_LNP_A2M.czi,8,1850518,34174332,23896534,574080,332588,489548,84532,38272.0,24960.0,14460.347826086956,0.3102266500514991,0.1797269737446488,0.8527522296544036,0.1472477703455964,15,23
141,exp_12_LNP_A2M.czi,9,2673078,82446914,27306955,1165074,600502,1044690,120384,68533.76470588235,50655.391304347824,26108.782608695652,0.4358548459865368,0.2246481397101019,0.8966726577024292,0.1033273422975708,17,23
142,exp_12_LNP_A2M.czi,10,3246198,127019509,25506617,1506184,643015,1368614,137570,107584.57142857143,47068.25,20094.21875,0.4639840206912825,0.1980824952760121,0.9086632177741896,0.0913367822258103,14,32
143,exp_12_LNP_A2M.czi,11,2462286,55115498,19975326,932636,511006,828268,104368,71741.23076923077,46631.8,25550.3,0.3787683477873813,0.2075331622727823,0.888093532739461,0.1119064672605389,13,20
144,exp_13_LNP_CR.czi,0,3087681,47646569,20191133,1129525,683762,999218,130307,62751.38888888889,40340.17857142857,24420.071428571428,0.3658166112367177,0.2214483944423015,0.884635576901795,0.115364423098205,18,28
145,exp_13_LNP_CR.czi,1,3362347,39505073,24361279,1245002,784821,1081905,163097,73235.41176470589,69166.77777777778,43601.166666666664,0.3702776661659251,0.2334146356696676,0.8689986040183068,0.1310013959816932,17,18
146,exp_13_LNP_CR.czi,2,2938252,30749894,18246236,685867,529528,568121,117746,38103.72222222222,32660.333333333332,25215.61904761905,0.2334268810163321,0.1802187150727711,0.828325316715923,0.1716746832840769,18,21
147,exp_13_LNP_CR.czi,3,3230689,53452684,28174289,1373551,715195,1220606,152945,65407.19047619047,52828.88461538462,27507.5,0.4251572961680929,0.2213753784409455,0.8886499299989589,0.1113500700010411,21,26
148,exp_13_LNP_CR.czi,4,3338863,61053450,30152415,1530797,786176,1371232,159565,85044.27777777778,61231.88,31447.04,0.4584785299666383,0.2354621917700726,0.8957634487133173,0.1042365512866826,18,25
149,exp_13_LNP_CR.czi,5,3940638,48530975,25392574,1706481,1222142,1388795,317686,89814.78947368421,68259.24,48885.68,0.433046882256122,0.3101381045404323,0.8138356067251847,0.1861643932748152,19,25
150,exp_13_LNP_CR.czi,6,3134996,51486083,37025719,1245140,804566,1065552,179588,69174.44444444444,49805.6,32182.64,0.3971743504616912,0.2566401998599041,0.8557688292079606,0.1442311707920394,18,25
151,exp_13_LNP_CR.czi,7,2633374,97345015,40976437,1108045,578734,988956,119089,61558.055555555555,41038.7037037037,21434.59259259259,0.4207700843100904,0.2197690111621061,0.8925233180962867,0.1074766819037133,18,27
152,exp_13_LNP_CR.czi,8,2406759,27164195,21274793,595259,474623,509702,85557,35015.23529411765,29762.95,23731.15,0.2473280457245615,0.1972042069854106,0.8562692878226117,0.1437307121773883,17,20
153,exp_13_LNP_CR.czi,9,3743538,63015582,21860324,1582695,1098734,1360485,222210,83299.73684210527,58618.333333333336,40693.851851851854,0.4227805354186333,0.2935014951097063,0.8596002388331295,0.1403997611668704,19,27
154,exp_13_LNP_CR.czi,10,3360654,100667445,31150348,1587781,962551,1421424,166357,79389.05,51218.74193548387,31050.032258064515,0.4724619077120108,0.286417762733087,0.8952267346693278,0.1047732653306721,20,31
155,exp_13_LNP_CR.czi,11,3027925,74271041,21308998,887946,521603,752578,135368,46734.0,29598.2,17386.766666666666,0.2932523097500764,0.1722641743107903,0.8475492879071475,0.1524507120928525,19,30
156,exp_14_cellonly_np.czi,0,182506,37434459,17628529,81681,42869,71469,10212,4299.0,3025.222222222222,1587.7407407407406,0.4475524092358607,0.2348909076961853,0.8749770448451905,0.1250229551548095,19,27
157,exp_14_cellonly_np.czi,1,239542,42260041,17434142,62778,24525,55091,7687,5231.5,3692.823529411765,1442.6470588235295,0.2620751267001194,0.1023828806639336,0.8775526458313422,0.1224473541686578,12,17
158,exp_14_cellonly_np.czi,2,441682,31995739,18817827,118639,80863,98482,20157,4943.291666666667,4237.107142857143,2887.964285714286,0.2686072785397639,0.1830796817619916,0.8300980284729305,0.1699019715270695,24,28
159,exp_14_cellonly_np.czi,3,226451,79664821,31529291,126816,65829,117807,9009,7459.764705882353,3019.4285714285716,1567.357142857143,0.560015190924306,0.2906986500390813,0.9289600681302044,0.0710399318697956,17,42
160,exp_14_cellonly_np.czi,4,291128,53881916,20155633,93021,38781,83744,9277,9302.1,5471.823529411765,2281.235294117647,0.3195192492649281,0.1332094473908384,0.9002698315434149,0.099730168456585,10,17
161,exp_14_cellonly_np.czi,5,406274,48236185,19810796,120677,60141,99836,20841,6351.421052631579,3656.878787878788,1822.4545454545455,0.2970335290961272,0.1480306394206865,0.8272993196715198,0.1727006803284801,19,33
162,exp_14_cellonly_np.czi,6,197404,44092224,20321831,72675,34835,66028,6647,7267.5,4037.5,1935.2777777777776,0.3681536341715467,0.1764655224818139,0.9085380116959064,0.0914619883040935,10,18
163,exp_14_cellonly_np.czi,7,309582,84856209,31436352,145281,63103,132657,12624,10377.214285714286,5380.777777777777,2337.1481481481483,0.4692811597573502,0.2038329101821165,0.9131063249839966,0.0868936750160034,14,27
164,exp_14_cellonly_np.czi,8,387398,39238186,16657230,110090,48611,93792,16298,7863.571428571428,4786.521739130435,2113.521739130435,0.2841780287972576,0.1254807717128121,0.8519574893269144,0.1480425106730856,14,23
165,exp_14_cellonly_np.czi,9,256113,85996323,33414310,140581,78311,128866,11715,8786.3125,4686.033333333334,2610.366666666667,0.5489022423695791,0.3057673761191349,0.9166672594447328,0.083332740555267,16,30
166,exp_14_cellonly_np.czi,10,397264,119011028,28465413,166217,75209,152243,13974,15110.636363636364,6648.68,3008.36,0.4184043860002416,0.1893174312296105,0.9159291769193284,0.0840708230806716,11,25
167,exp_14_cellonly_np.czi,11,473377,72471388,18704595,144390,61486,125115,19275,9626.0,5775.6,2459.44,0.3050211564989427,0.1298880173730451,0.8665073758570538,0.1334926241429462,15,25
168,exp_15_LNP_np.czi,0,2483121,37767153,38916643,1140577,949907,966862,173715,51844.40909090909,43868.34615384616,36534.88461538462,0.4593320261074671,0.3825455948381089,0.8476955085013989,0.1523044914986011,22,26
169,exp_15_LNP_np.czi,1,1911283,38086752,30407631,602275,375002,513156,89119,37642.1875,31698.684210526317,19736.947368421053,0.3151155532697146,0.1962043297617359,0.852029388568345,0.1479706114316549,16,19
170,exp_15_LNP_np.czi,2,1583479,42109914,29376097,424766,284776,363548,61218,23598.11111111111,16990.64,11391.04,0.2682485842881402,0.1798419808535509,0.8558782953437893,0.1441217046562107,18,25
171,exp_15_LNP_np.czi,3,2371876,58230881,35977085,1069302,756074,931094,138208,56279.05263157895,34493.6129032258,24389.483870967742,0.4508254225768969,0.3187662424173945,0.870749329936725,0.1292506700632749,19,31
172,exp_15_LNP_np.czi,4,2304144,51340756,34772820,846231,421575,732991,113240,49778.294117647056,36792.65217391304,18329.347826086956,0.3672648063662688,0.182963825177593,0.8661831107581736,0.1338168892418264,17,23
173,exp_15_LNP_np.czi,5,2454632,77534731,37384469,1255519,757251,1109282,146237,54587.782608695656,48289.192307692305,29125.03846153846,0.5114897059925887,0.3084987892278761,0.8835246619127229,0.116475338087277,23,26
174,exp_15_LNP_np.czi,6,2420797,115612904,32123994,1130050,548506,1043656,86394,62780.555555555555,36453.22580645161,17693.74193548387,0.4668090715578382,0.2265807500587616,0.9235485155524092,0.0764514844475908,18,31
175,exp_15_LNP_np.czi,7,2518859,106264574,40285982,1089037,506568,998098,90939,90753.08333333331,49501.681818181816,23025.81818181818,0.4323532996487695,0.201110105805843,0.9164959500916864,0.0835040499083134,12,22
176,exp_15_LNP_np.czi,8,2396698,72171285,20556692,709071,280258,616370,92701,39392.833333333336,33765.28571428572,13345.619047619048,0.2958532948247964,0.1169350498060247,0.8692641498524125,0.1307358501475874,18,21
177,exp_15_LNP_np.czi,9,2664995,66377649,26926900,1219193,812346,1109010,110183,81279.53333333334,46892.03846153846,31244.07692307692,0.4574841603830401,0.3048208345606652,0.9096262855839888,0.0903737144160112,15,26
178,exp_15_LNP_np.czi,10,2898275,101842953,25024720,1189552,614980,1093229,96323,99129.33333333331,54070.545454545456,27953.636363636364,0.4104344825801554,0.2121882844105545,0.9190258181231252,0.0809741818768746,12,22
179,exp_15_LNP_np.czi,11,2913132,62312010,21585386,978135,525187,873126,105009,75241.15384615384,44460.681818181816,23872.136363636364,0.3357674832448375,0.1802825961885695,0.8926436534834149,0.1073563465165851,13,22
180,exp_16_LNP_VTN.czi,0,3421435,15941866,30114100,1564675,1031908,1241662,323013,104311.66666666669,86926.38888888889,57328.22222222222,0.4573154246683044,0.3016009364491799,0.7935590458082349,0.206440954191765,15,18
181,exp_16_LNP_VTN.czi,1,3336859,13180034,30679783,1121979,1184449,731217,390762,80141.35714285714,86306.07692307692,91111.46153846152,0.3362380610028772,0.3549592595911304,0.6517207541317618,0.3482792458682381,14,13
182,exp_16_LNP_VTN.czi,2,2217331,8645733,17503954,476701,522289,302821,173880,28041.235294117647,31780.066666666666,34819.26666666667,0.2149886507697768,0.2355485040348058,0.6352430559197484,0.3647569440802515,17,15
183,exp_16_LNP_VTN.czi,3,5098034,26131153,21709260,3187944,1589566,2613785,574159,199246.5,167786.52631578947,83661.36842105263,0.6253281166818424,0.3117998036105683,0.8198967735945173,0.1801032264054826,16,19
184,exp_16_LNP_VTN.czi,4,5234830,31507188,18373925,3010119,1288645,2536279,473840,273647.1818181818,215008.5,92046.07142857143,0.5750175268346823,0.2461674973208299,0.8425842965012347,0.1574157034987653,11,14
185,exp_16_LNP_VTN.czi,5,4509301,28917338,20812069,2408935,1606922,1963669,445266,172066.7857142857,160595.66666666666,107128.13333333332,0.5342147264065983,0.3563572269848475,0.8151606415283102,0.1848393584716897,14,15
186,exp_16_LNP_VTN.czi,6,4679247,29511913,19406063,2709260,1388826,2443321,265939,246296.36363636365,159368.23529411765,81695.64705882352,0.5789948681913992,0.2968054475431624,0.9018407240353454,0.0981592759646545,11,17
187,exp_16_LNP_VTN.czi,7,3809626,22414954,11266812,1340262,623802,1143354,196908,167532.75,134026.2,62380.2,0.3518093377145158,0.1637436325770561,0.8530824570121365,0.1469175429878635,8,10
188,exp_16_LNP_VTN.czi,8,5058557,29207719,19702685,2639660,1296477,2177168,462492,138929.47368421053,119984.54545454546,58930.77272727273,0.521820748486179,0.256293840318494,0.8247910715774002,0.1752089284225998,19,22
189,exp_16_LNP_VTN.czi,9,3380500,13838661,13259924,1408860,650149,1199936,208924,156540.0,117405.0,54179.083333333336,0.4167608341961248,0.1923233249519302,0.8517070539301279,0.1482929460698721,9,12
190,exp_16_LNP_VTN.czi,10,3353903,15336134,11011315,1115123,705850,894867,220256,139390.375,139390.375,88231.25,0.3324851672812243,0.2104562952476562,0.802482775442709,0.1975172245572909,8,8
191,exp_16_LNP_VTN.czi,11,3892680,14573562,17428865,1418020,909094,1137794,280226,118168.33333333331,101287.14285714286,64935.28571428572,0.3642785946956852,0.2335393610571637,0.8023821948914683,0.1976178051085316,12,14
192,exp_17_LNP_A2M.czi,0,2171148,52160845,25357096,733048,517259,602335,130713,48869.86666666667,34907.04761904762,24631.38095238095,0.3376315202832787,0.2382421649744743,0.8216856194955856,0.1783143805044144,15,21
193,exp_17_LNP_A2M.czi,1,2045953,36880173,18449037,505053,268950,449486,55567,45913.90909090909,42087.75,22412.5,0.2468546442660217,0.1314546326333009,0.8899778835092554,0.1100221164907445,11,12
194,exp_17_LNP_A2M.czi,2,1827086,38327240,16149876,386752,169465,333494,53258,32229.333333333332,24172.0,10591.5625,0.2116769544509673,0.0927515179909429,0.8622941833526394,0.1377058166473606,12,16
195,exp_17_LNP_A2M.czi,3,2965583,73180078,27993134,1632785,1136364,1545402,87383,116627.5,68032.70833333333,47348.5,0.5505780819488107,0.3831840147451614,0.9464822374041898,0.0535177625958102,14,24
196,exp_17_LNP_A2M.czi,4,2707305,92176950,33316553,1055976,417882,972127,83849,81228.92307692308,47998.90909090909,18994.636363636364,0.3900469285876545,0.1543534991439826,0.9205957332363616,0.0794042667636385,13,22
197,exp_17_LNP_A2M.czi,5,2631581,66305326,21552326,955962,391521,828694,127268,59747.625,45522.0,18643.85714285714,0.3632652766530842,0.1487778639532661,0.8668691851768167,0.1331308148231833,16,21
198,exp_17_LNP_A2M.czi,6,2015718,54768721,17384667,585635,264162,520718,64917,48802.916666666664,36602.1875,16510.125,0.2905341917867479,0.1310510696436704,0.8891510924039717,0.1108489075960282,12,16
199,exp_17_LNP_A2M.czi,7,2594029,73318837,25945185,1053950,606537,959826,94124,75282.14285714286,52697.5,30326.85,0.4062984646663549,0.2338204391701095,0.9106940556952418,0.0893059443047582,14,20
200,exp_17_LNP_A2M.czi,8,2559105,87329139,30689277,1045861,564757,910043,135818,65366.3125,40225.42307692308,21721.42307692308,0.4086823322997688,0.2206853567946606,0.8701376186701675,0.1298623813298325,16,26
201,exp_17_LNP_A2M.czi,9,2215828,102050824,19710919,810936,279827,739861,71075,81093.6,45052.0,15545.944444444443,0.3659742543193786,0.1262855239666616,0.9123543658192508,0.0876456341807491,10,18
202,exp_17_LNP_A2M.czi,10,2840173,65599518,14519670,633419,228126,565302,68117,63341.9,52784.916666666664,19010.5,0.2230212737041018,0.0803211635347565,0.892461388117502,0.107538611882498,10,12
203,exp_17_LNP_A2M.czi,11,3469626,80795171,16133637,854171,323255,757050,97121,77651.90909090909,50245.35294117647,19015.0,0.2461853237207699,0.0931671021602904,0.8862979426836078,0.1137020573163921,11,17
204,exp_18_LNP_CR.czi,0,3504238,45245681,16964187,535615,237549,482212,53403,59512.77777777778,33475.9375,14846.8125,0.1528477803162913,0.0677890599896468,0.9002959215107866,0.0997040784892133,9,16
205,exp_18_LNP_CR.czi,1,4607033,78199866,24535224,1309492,787638,1199245,110247,77028.94117647059,54562.166666666664,32818.25,0.2842375993399657,0.1709642626827287,0.9158093367504344,0.0841906632495654,17,24
206,exp_18_LNP_CR.czi,2,3271903,56925563,27033378,1065344,549214,937278,128066,81949.53846153847,36736.0,18938.41379310345,0.3256037847087765,0.1678576657070823,0.8797890634386639,0.120210936561336,13,29
207,exp_18_LNP_CR.czi,3,3398369,87323378,22845114,982977,498224,879059,103918,49148.85,39319.08,19928.96,0.2892496371053291,0.1466067987319799,0.8942823687634603,0.1057176312365396,20,25
208,exp_18_LNP_CR.czi,4,3987288,20062192,6504794,271368,150892,237417,33951,67842.0,67842.0,37723.0,0.0680582892432149,0.0378432658990271,0.8748894490138852,0.1251105509861148,4,4
209,exp_18_LNP_CR.czi,5,3897686,40892714,17776273,1357935,867215,1036585,321350,90529.0,61724.318181818184,39418.86363636364,0.3483951760095605,0.222494834114395,0.763353916056365,0.236646083943635,15,22
210,exp_18_LNP_CR.czi,6,2974672,52523505,23288683,492536,243693,435720,56816,37887.38461538462,28972.70588235294,14334.882352941177,0.1655765744929188,0.0819226455891607,0.8846459954196242,0.1153540045803758,13,17
211,exp_18_LNP_CR.czi,7,5364561,44662590,23804523,629583,337421,546731,82852,62958.3,52465.25,28118.416666666668,0.1173596497458039,0.0628981569973759,0.8684017834026649,0.131598216597335,10,12
212,exp_18_LNP_CR.czi,8,3489386,47312881,32886433,1072320,800723,916551,155769,48741.818181818184,41243.07692307692,30797.03846153846,0.3073090795916531,0.2294738959805536,0.8547364592658908,0.1452635407341092,22,26
213,exp_18_LNP_CR.czi,9,3846929,71529981,25353175,1161385,534270,1016224,145161,116138.5,64521.38888888889,29681.666666666668,0.3018992552241021,0.1388822096794612,0.8750104401210623,0.1249895598789376,10,18
214,exp_18_LNP_CR.czi,10,5889906,76253107,26070755,1830560,1112999,1673976,156584,166414.54545454544,101697.77777777778,61833.27777777778,0.3107961315511657,0.1889671923456843,0.9144611485010052,0.0855388514989948,11,18
215,exp_18_LNP_CR.czi,11,4998175,86383844,23280660,1056313,409471,905455,150858,70420.86666666667,50300.619047619046,19498.61904761905,0.2113397390047367,0.0819241022973385,0.8571843762218206,0.1428156237781793,15,21
216,exp_19_cellonlynostain_np.czi,0,105664,1494384,1939700,0,0,0,0,,,,0.0,0.0,,,0,0
217,exp_19_cellonlynostain_np.czi,1,124994,1518380,2368347,0,0,0,0,,,,0.0,0.0,,,0,0
218,exp_19_cellonlynostain_np.czi,2,214688,1766842,3854518,0,0,0,0,,,,0.0,0.0,,,0,0
219,exp_19_cellonlynostain_np.czi,3,143514,1582090,2402731,0,0,0,0,,,,0.0,0.0,,,0,0
220,exp_19_cellonlynostain_np.czi,4,115070,1488622,2377676,0,0,0,0,,,,0.0,0.0,,,0,0
221,exp_19_cellonlynostain_np.czi,5,202600,1710016,3867688,0,0,0,0,,,,0.0,0.0,,,0,0
222,exp_19_cellonlynostain_np.czi,6,136338,1526654,2698969,0,0,0,0,,,,0.0,0.0,,,0,0
223,exp_19_cellonlynostain_np.czi,7,137266,1545230,2777992,0,0,0,0,,,,0.0,0.0,,,0,0
224,exp_19_cellonlynostain_np.czi,8,201722,1722314,3807063,0,0,0,0,,,,0.0,0.0,,,0,0
225,exp_19_cellonlynostain_np.czi,9,133666,1547864,2438486,0,0,0,0,,,,0.0,0.0,,,0,0
226,exp_19_cellonlynostain_np.czi,10,154664,1573350,2867838,0,0,0,0,,,,0.0,0.0,,,0,0
227,exp_19_cellonlynostain_np.czi,11,214254,1731918,4027272,0,0,0,0,,,,0.0,0.0,,,0,0
228,exp_20_LNP_APOE.czi,0,7053685,29491169,29711145,4759080,2855945,4049958,709122,164106.2068965517,144214.54545454544,86543.78787878787,0.674694149228382,0.4048869491620337,0.8509959908217555,0.1490040091782445,29,33
229,exp_20_LNP_APOE.czi,1,8235838,37402038,44461307,6202374,4131246,5506278,696096,364845.5294117647,248094.96,165249.84,0.7530956776954574,0.501618171702746,0.8877694250620811,0.1122305749379189,17,25
230,exp_20_LNP_APOE.czi,2,8772549,44323856,38969826,6700085,4275292,5804521,895564,304549.3181818182,268003.4,171011.68,0.7637557795345458,0.4873488879913922,0.8663354270878653,0.1336645729121347,22,25
231,exp_20_LNP_APOE.czi,3,8783874,38002696,46195480,6796936,4155664,6043235,753701,271877.44,219256.0,134053.67741935485,0.7737970740472826,0.4731015039605531,0.8891116526623173,0.1108883473376827,25,31
232,exp_20_LNP_APOE.czi,4,9476917,42008191,51961565,7612650,4465050,6943170,669480,507510.0,317193.75,186043.75,0.8032833884690559,0.471150058610833,0.9120569052826544,0.0879430947173454,15,24
233,exp_20_LNP_APOE.czi,5,6731455,34993659,33406845,4747050,2675540,3994074,752976,279238.23529411765,182578.84615384616,102905.3846153846,0.7052041497714833,0.3974683036579758,0.8413802256138022,0.1586197743861977,17,26
234,exp_20_LNP_APOE.czi,6,9682947,35409391,42485981,7582416,4980520,6615889,966527,379120.8,303296.64,199220.8,0.7830690387957303,0.5143599360814429,0.8725304704991127,0.1274695295008873,20,25
235,exp_20_LNP_APOE.czi,7,11021689,42830953,52935546,8855265,5296914,7566143,1289122,590351.0,327972.77777777775,196182.0,0.8034399264940246,0.4805900438671423,0.8544231030917765,0.1455768969082235,15,27
236,exp_20_LNP_APOE.czi,8,9687596,38394529,35115949,7492736,4528484,6160739,1331997,325771.1304347826,325771.1304347826,196890.60869565216,0.7734360516272561,0.4674517806068708,0.8222282221073851,0.1777717778926149,23,23
237,exp_20_LNP_APOE.czi,9,8454766,40877702,48366905,6561826,4061302,5751393,810433,345359.2631578947,243030.59259259255,150418.59259259258,0.7761097113746258,0.4803565231728471,0.8764927628376613,0.1235072371623386,19,27
238,exp_20_LNP_APOE.czi,10,8549777,37246725,41964807,6489814,3949101,5574380,915434,341569.15789473685,324490.7,197455.05,0.759062370866515,0.4618952049860482,0.8589429527564272,0.1410570472435727,19,20
239,exp_20_LNP_APOE.czi,11,5372146,36861912,40513749,3284239,2236784,2408861,875378,121638.48148148147,131369.56,89471.36,0.6113458197152497,0.4163669416281687,0.733460932654414,0.2665390673455859,27,25
240,exp_21_cellonly_APOE.czi,0,249026,17016467,33498534,77779,73241,48964,28815,3381.695652173913,3381.695652173913,3184.391304347826,0.3123328487788424,0.294109851983327,0.6295272502860669,0.370472749713933,23,23
241,exp_21_cellonly_APOE.czi,1,323174,18356504,33835996,89400,76632,49791,39609,3725.0,3576.0,3065.28,0.276631164635769,0.237123035887788,0.5569463087248322,0.4430536912751678,24,25
242,exp_21_cellonly_APOE.czi,2,426990,26096710,32964801,91571,99565,53304,38267,3815.4583333333335,4360.523809523809,4741.190476190476,0.214457013044802,0.2331787629686877,0.5821056884821614,0.4178943115178386,24,21
243,exp_21_cellonly_APOE.czi,3,285189,30215242,39283976,129849,86652,93523,36326,4809.222222222223,4637.464285714285,3094.714285714286,0.4553085848332158,0.3038406109632559,0.7202442837449653,0.2797557162550347,27,28
244,exp_21_cellonly_APOE.czi,4,413910,37830132,51245632,189522,132078,134538,54984,8240.08695652174,7289.307692307692,5079.923076923077,0.4578821482931072,0.3190983547147931,0.7098806471016558,0.2901193528983442,23,26
245,exp_21_cellonly_APOE.czi,5,463435,27321667,35496160,134766,102072,90149,44617,5183.307692307692,5183.307692307692,3925.846153846154,0.2907980622956833,0.220250952129209,0.6689298487749136,0.3310701512250864,26,26
246,exp_21_cellonly_APOE.czi,6,266126,24590946,41966127,113407,82027,80029,33378,4930.739130434783,5154.863636363636,3728.5,0.4261402493555684,0.308226178577065,0.7056795435907837,0.2943204564092163,23,22
247,exp_21_cellonly_APOE.czi,7,405068,30193284,46844896,154953,112883,103982,50971,5343.206896551724,5343.206896551724,3892.5172413793102,0.3825357717716531,0.2786766666337504,0.6710550941253154,0.3289449058746845,29,29
248,exp_21_cellonly_APOE.czi,8,486948,22208359,24005928,117126,75132,75097,42029,4504.846153846154,4183.071428571428,2683.285714285714,0.2405308164321447,0.1542916286749303,0.641164216314055,0.358835783685945,26,28
249,exp_21_cellonly_APOE.czi,9,294043,30886992,48684478,136637,100796,98360,38277,6210.772727272727,5255.2692307692305,3876.769230769231,0.4646837367323826,0.342793400965165,0.7198635801430067,0.2801364198569933,22,26
250,exp_21_cellonly_APOE.czi,10,416350,35081433,35195856,112319,97129,70705,41614,4011.392857142858,4679.958333333333,4047.0416666666665,0.2697706256755134,0.2332868980425123,0.6295016871588957,0.3704983128411043,28,24
251,exp_21_cellonly_APOE.czi,11,483616,13651698,17084080,60798,65420,40481,20317,4053.2,4053.2,4361.333333333333,0.125715443657778,0.1352726129822007,0.6658278232836606,0.3341721767163393,15,15
252,exp_22_LNP_APOE.czi,0,8974088,36146537,52854595,6856983,5203370,6059161,797822,342849.15,326523.0,247779.52380952385,0.7640868910578992,0.5798215930131284,0.8836482458830655,0.1163517541169345,20,21
253,exp_22_LNP_APOE.czi,1,6377855,31199195,41019725,4375923,2982464,3858454,517469,230311.73684210525,218796.15,149123.2,0.6861120235565092,0.4676280661758538,0.8817463195764642,0.1182536804235357,19,20
254,exp_22_LNP_APOE.czi,2,4076598,21814280,26755458,2007678,1612671,1575768,431910,118098.70588235294,105667.26315789472,84877.42105263157,0.4924885897505714,0.3955923542129982,0.7848708806890348,0.2151291193109652,17,19
255,exp_22_LNP_APOE.czi,3,3592942,15056185,20839506,1649900,1155320,1429240,220660,97052.9411764706,82495.0,57766.0,0.4592058541440413,0.321552644044908,0.8662585611249166,0.1337414388750833,17,20
256,exp_22_LNP_APOE.czi,4,3828332,18492818,24128804,1899981,1193500,1614119,285862,158331.75,126665.4,79566.66666666667,0.4962947309689964,0.3117545709201814,0.8495448112375861,0.1504551887624139,12,15
257,exp_22_LNP_APOE.czi,5,5636715,40865624,33458684,3645341,2464653,2977585,667756,151889.20833333334,130190.75,88023.32142857143,0.6467137330874454,0.4372498875674928,0.8168193318540021,0.1831806681459978,24,28
258,exp_22_LNP_APOE.czi,6,4032115,26638996,47285807,2100359,1597235,1713311,387048,95470.86363636365,84014.36,63889.4,0.5209075137985896,0.3961283346333128,0.8157229311750991,0.1842770688249008,22,25
259,exp_22_LNP_APOE.czi,7,3105888,23764322,29341243,1310584,990821,1095122,215462,87372.26666666666,87372.26666666666,66054.73333333334,0.4219675661195767,0.3190137570961992,0.8355984812877313,0.1644015187122687,15,15
260,exp_22_LNP_APOE.czi,8,3003938,18841813,22641621,1168749,875999,864462,304287,55654.71428571428,55654.71428571428,41714.23809523809,0.3890722777900209,0.2916168709207713,0.7396472638693167,0.2603527361306833,21,21
261,exp_22_LNP_APOE.czi,9,8565912,42656929,57247019,6335692,4940703,5577930,757762,243680.46153846153,234655.25925925927,182989.0,0.7396400990344052,0.5767865698363467,0.8803979107570254,0.1196020892429745,26,27
262,exp_22_LNP_APOE.czi,10,5314765,23402501,30191487,3294120,2141917,2859259,434861,235294.2857142857,205882.5,133869.8125,0.6198053912073253,0.4030125508841877,0.867988719293772,0.132011280706228,14,16
263,exp_22_LNP_APOE.czi,11,4278584,20700602,27751281,2052080,1437808,1608839,443241,128255.0,108004.2105263158,75674.1052631579,0.4796166208259555,0.3360476269719141,0.784004034930412,0.2159959650695879,16,19
264,exp_22_LNP_APOE.czi,12,7491106,40533043,36431692,5592855,3703331,5197919,394936,372857.0,223714.2,148133.24,0.7465993673030391,0.4943637161188214,0.9293856178999812,0.0706143821000186,15,25
265,exp_22_LNP_APOE.czi,13,8465005,40001743,47437948,6485962,3949050,5834195,651767,405372.625,324298.1,197452.5,0.7662088799711282,0.4665147864649814,0.8995111288040232,0.1004888711959767,16,20
266,exp_22_LNP_APOE.czi,14,5412930,38074845,44597997,3409271,1673434,2837445,571826,170463.55,121759.67857142857,59765.5,0.6298383684991308,0.3091549308784706,0.8322732337793035,0.1677267662206964,20,28
267,exp_22_LNP_APOE.czi,15,3636554,20526135,21997865,1711532,1065245,1490249,221283,100678.35294117648,100678.35294117648,62661.470588235294,0.4706466616472627,0.2929270402694419,0.8707105680758526,0.1292894319241475,17,17
268,exp_22_LNP_APOE.czi,16,4405880,32627120,48025260,2576323,2014806,2170220,406103,135595.94736842104,128816.15,100740.3,0.5847465205588895,0.4572993363414346,0.8423710846815403,0.1576289153184596,19,20
269,exp_22_LNP_APOE.czi,17,3119008,23384259,22695671,1230839,1091158,965414,265425,76927.4375,72402.29411764706,64185.76470588235,0.3946251500477075,0.3498413598169674,0.7843544119092749,0.2156455880907251,16,17
270,exp_22_LNP_APOE.czi,18,2867187,18863212,17725375,906193,509605,790688,115505,64728.07142857143,53305.470588235294,29976.764705882353,0.3160564692850519,0.177736924727965,0.8725381899882255,0.1274618100117745,14,17
271,exp_22_LNP_APOE.czi,19,3827168,27210785,26159752,1834326,759493,1650985,183341,183432.6,152860.5,63291.083333333336,0.4792906922298681,0.198447781754028,0.9000499365979657,0.0999500634020343,10,12
272,exp_22_LNP_APOE.czi,20,3333990,28056546,26735846,1493776,836409,1230621,263155,93361.0,78619.78947368421,44021.52631578947,0.4480445352265603,0.250873277964241,0.8238323550518953,0.1761676449481046,16,19
273,exp_22_LNP_APOE.czi,21,6861368,34803144,40120679,4884095,3690227,4244491,639604,212351.9565217391,195363.8,147609.08,0.7118252511744013,0.5378267132735046,0.8690434973111703,0.1309565026888297,23,25
274,exp_22_LNP_APOE.czi,22,6343960,40271841,47273204,4354696,2721118,3853089,501607,229194.52631578947,167488.3076923077,104658.3846153846,0.6864318186117189,0.4289305102806449,0.8848123956299131,0.1151876043700869,19,26
275,exp_22_LNP_APOE.czi,23,3930198,30461968,34645310,2019624,1333973,1650291,369333,126226.5,96172.57142857143,63522.52380952381,0.5138733468390142,0.3394162329735041,0.8171278416180437,0.1828721583819562,16,21
