,Filename,Scene ID,Total intensity LNP in entire img,Total intensity nucleus in entire img,Total intensity membrane in entire img,Intensity LNP in membrane mask,Intensity LNP in nucleus mask,Intensity LNP per membrane count,Intensity LNP per nucleus count,Frac intensity LNP in membrane mask over img,Frac intensity LNP in nucleus mask over img,Intensity LNP in membrane inner mask,Intensity LNP in membrane outer mask,Frac intensity LNP in membrane inner mask over membrane mask,Frac intensity LNP in membrane outer mask over membrane mask,Membrane count,Nucleus count
0,exp_1_LNP_np.czi,0,2170517,11580895,4113451,602790,267615,31725.78947368421,10292.884615384615,0.2777172443247392,0.1232955097794673,502264,100526,0.8332321372285539,0.16676786277144612,19,26
1,exp_1_LNP_np.czi,1,2476863,24007616,6643688,1015639,413434,67709.26666666666,11812.4,0.4100505356977758,0.1669183963747692,904319,111320,0.8903941262594288,0.10960587374057121,15,35
2,exp_1_LNP_np.czi,2,2585159,26000585,8196553,1149916,428442,60521.89473684211,10711.05,0.4448144195386048,0.16573139215034743,1004542,145374,0.873578591827577,0.12642140817242303,19,40
3,exp_1_LNP_np.czi,3,2310328,30273606,13382576,965753,500997,43897.86363636364,12524.925,0.4180155371877933,0.21685102721345195,865820,99933,0.8965232310953215,0.10347676890467852,22,40
4,exp_1_LNP_np.czi,4,2619181,32926922,8799630,1186035,523455,98836.25,14540.416666666666,0.4528266660456074,0.1998544583211317,1077339,108696,0.9083534634306745,0.09164653656932553,12,36
5,exp_1_LNP_np.czi,5,2474903,26636551,9343210,991792,372403,47228.19047619047,10640.085714285715,0.40073974616378905,0.15047175586275502,878654,113138,0.8859256779647345,0.11407432203526546,21,35
6,exp_1_LNP_np.czi,6,2177759,43811161,8693977,955367,368752,56198.05882352941,6469.333333333333,0.4386927111769484,0.16932635796706613,853015,102352,0.8928663016411494,0.10713369835885057,17,57
7,exp_1_LNP_np.czi,7,2069983,37435238,9491611,573726,188681,31873.666666666668,6506.241379310345,0.2771645950715537,0.09115099012890444,487447,86279,0.8496163673948889,0.15038363260511114,18,29
8,exp_1_LNP_np.czi,8,2118248,31643437,9556479,574759,246672,27369.47619047619,6852.0,0.2713369728190467,0.11645095380710851,475366,99393,0.8270701285234333,0.1729298714765667,21,36
9,exp_1_LNP_np.czi,9,2604273,36780775,11010529,1149094,513801,49960.608695652176,12233.357142857143,0.4412340795300646,0.19729152819232085,1025937,123157,0.8928225193065146,0.10717748069348548,23,42
10,exp_1_LNP_np.czi,10,2895262,40885202,8336273,999929,504651,52627.84210526316,21941.347826086956,0.3453673622628971,0.17430236020090756,866291,133638,0.866352511028283,0.133647488971717,19,23
11,exp_1_LNP_np.czi,11,2359975,43211819,27694971,1057159,533396,52857.95,15688.117647058823,0.4479534740834119,0.22601764849203912,924599,132560,0.8746073201855161,0.1253926798144839,20,34
12,exp_2_cellonly_np.czi,0,156052,19896119,6028621,54116,22528,3006.4444444444443,834.3703703703703,0.3467818419501192,0.14436213569835696,47916,6200,0.8854312957350876,0.1145687042649124,18,27
13,exp_2_cellonly_np.czi,1,157972,11776811,3560307,21456,7322,2682.0,1464.4,0.1358215379940749,0.046349986073481377,18839,2617,0.8780294556301268,0.12197054436987323,8,5
14,exp_2_cellonly_np.czi,2,216612,15182644,7296585,61223,23248,4081.5333333333333,704.4848484848485,0.28263900430262406,0.10732554059793548,52098,9125,0.8509547065645264,0.1490452934354736,15,33
15,exp_2_cellonly_np.czi,3,168764,38868703,14045537,78280,42848,3914.0,1586.962962962963,0.4638429996918774,0.2538930103576592,69607,8673,0.8892054164537557,0.11079458354624425,20,27
16,exp_2_cellonly_np.czi,4,212956,31815742,21105721,84909,42056,4468.894736842105,1356.6451612903227,0.3987161667198858,0.19748680478596517,75848,9061,0.8932857529826049,0.1067142470173951,19,31
17,exp_2_cellonly_np.czi,5,269898,27755090,15624949,104883,42629,4994.428571428572,1039.7317073170732,0.3886023608918925,0.15794485324085394,91299,13584,0.8704842538828981,0.12951574611710193,21,41
18,exp_2_cellonly_np.czi,6,189610,27192440,11878983,92790,50765,3711.6,1153.75,0.4893729233690206,0.2677337693159643,79730,13060,0.8592520745770018,0.14074792542299816,25,44
19,exp_2_cellonly_np.czi,7,205730,27963809,10238963,78503,34996,3925.15,1458.1666666666667,0.3815826568803772,0.1701064502017207,69297,9206,0.8827305962829446,0.1172694037170554,20,24
20,exp_2_cellonly_np.czi,8,249014,14851942,9853107,55031,25326,3439.4375,904.5,0.2209956066727172,0.10170512501305147,46389,8642,0.8429612400283477,0.15703875997165234,16,28
21,exp_2_cellonly_np.czi,9,207114,52251745,13876390,118345,55455,6574.722222222223,1008.2727272727273,0.5714002916268335,0.26775109360062577,108707,9638,0.9185601419578352,0.08143985804216486,18,55
22,exp_2_cellonly_np.czi,10,232762,28933032,12494333,70379,35832,5027.071428571428,1628.7272727272727,0.30236464715030803,0.1539426538696179,63005,7374,0.8952244277412297,0.10477557225877038,14,22
23,exp_2_cellonly_np.czi,11,270286,28398445,16181330,85768,41012,4084.190476190476,1464.7142857142858,0.3173231317937296,0.1517355689898848,74305,11463,0.8663487547803377,0.13365124521966235,21,28
24,exp_3_LNP_VTN.czi,0,5446933,12684475,14291032,3332834,1617304,166641.7,50540.75,0.6118735075316697,0.29692012000147605,2652639,680195,0.795910927456933,0.20408907254306696,20,32
25,exp_3_LNP_VTN.czi,1,4670861,19237464,14612950,2823578,1265957,156865.44444444444,45212.75,0.6045091044242165,0.2710328995018263,2319403,504175,0.8214410935345154,0.17855890646548458,18,28
26,exp_3_LNP_VTN.czi,2,3390824,11095102,12799443,1330728,619635,70038.31578947368,16306.184210526315,0.39244974082995754,0.18273876792189744,928030,402698,0.6973851906625547,0.3026148093374454,19,38
27,exp_3_LNP_VTN.czi,3,6628228,16569751,14228546,4542486,2118124,302832.4,68326.58064516129,0.6853243430974312,0.31956112553762483,3980251,562235,0.8762274666339093,0.12377253336609073,15,31
28,exp_3_LNP_VTN.czi,4,6459415,16478763,27178584,4286115,2025366,225585.0,81014.64,0.6635453829797281,0.31355254307085084,3466027,820088,0.8086640232471597,0.19133597675284028,19,25
29,exp_3_LNP_VTN.czi,5,4881210,8184920,13085441,1849985,1172386,92499.25,40427.10344827586,0.3790013131989814,0.24018347909637158,1260635,589350,0.6814298494312117,0.3185701505687884,20,29
30,exp_3_LNP_VTN.czi,6,6850462,6097103,20798827,2104316,2477866,140287.73333333334,77433.3125,0.30717869831261013,0.36170786729420584,1492071,612245,0.7090527278222473,0.2909472721777528,15,32
31,exp_3_LNP_VTN.czi,7,5422870,6016900,18180522,1879369,1711249,110551.11764705883,74402.13043478261,0.34656353554483144,0.3155615015665137,1269016,610353,0.675235145413168,0.3247648545868321,17,23
32,exp_3_LNP_VTN.czi,8,4025352,3632064,19409424,38447,1432833,38447.0,55108.96153846154,0.00955121440311307,0.3559522247992225,22263,16184,0.5790568835019637,0.4209431164980363,1,26
33,exp_3_LNP_VTN.czi,9,7290660,22517352,16115121,4763225,2271916,250696.05263157896,94663.16666666667,0.6533324829302148,0.3116200728054799,4129859,633366,0.8670300059308557,0.13296999406914434,19,24
34,exp_3_LNP_VTN.czi,10,6366783,18153770,21601578,3936972,1985492,218720.66666666666,82728.83333333333,0.6183612665925633,0.31185168396661234,3189236,747736,0.8100733253881409,0.18992667461185905,18,24
35,exp_3_LNP_VTN.czi,11,4888455,10152365,11413641,2485518,1122743,112978.09090909091,40097.96428571428,0.5084465337207769,0.22967236069473893,1927156,558362,0.7753538698975425,0.22464613010245751,22,28
36,exp_4_cellonly_VTN.czi,0,187178,13016910,21286056,64703,48650,3081.095238095238,1131.3953488372092,0.34567630811313294,0.2599130239664918,50981,13722,0.7879232802188462,0.2120767197811539,21,43
37,exp_4_cellonly_VTN.czi,1,223638,8689859,17570148,46148,40070,2307.4,1821.3636363636363,0.20635133564063352,0.1791734857224622,33182,12966,0.7190344110253966,0.28096558897460344,20,22
38,exp_4_cellonly_VTN.czi,2,370046,12128147,16972408,77784,56459,3241.0,1764.34375,0.21020089394291522,0.1525729233662842,59034,18750,0.7589478556001235,0.24105214439987657,24,32
39,exp_4_cellonly_VTN.czi,3,223121,21031564,21719770,109899,57830,5233.285714285715,1652.2857142857142,0.4925533679035142,0.2591867193137356,95587,14312,0.8697713354989581,0.13022866450104187,21,35
40,exp_4_cellonly_VTN.czi,4,303674,28351127,19933273,109854,50082,6462.0,2003.28,0.3617497711361526,0.1649202763489795,95486,14368,0.8692082218216906,0.1307917781783094,17,25
41,exp_4_cellonly_VTN.czi,5,407870,15554903,14246290,101386,57524,4055.44,1554.7027027027027,0.24857430063500624,0.14103513374359478,80239,21147,0.7914209062395202,0.20857909376047976,25,37
42,exp_4_cellonly_VTN.czi,6,268226,17326236,24321286,100999,53749,6733.266666666666,1580.8529411764705,0.37654440658250876,0.20038698709297384,85640,15359,0.8479291874176972,0.1520708125823028,15,34
43,exp_4_cellonly_VTN.czi,7,371706,16957514,19451437,99947,58136,6246.6875,2236.0,0.2688872388392977,0.15640317885640803,82040,17907,0.8208350425725635,0.17916495742743654,16,26
44,exp_4_cellonly_VTN.czi,8,413720,8145775,12099235,56669,48440,2982.5789473684213,1863.076923076923,0.13697428212317508,0.11708401817654453,41225,15444,0.7274700453510737,0.2725299546489262,19,26
45,exp_4_cellonly_VTN.czi,9,303921,23693335,21441034,115617,66207,5255.318181818182,2283.0,0.38041793755614123,0.21784279467361584,98526,17091,0.852175718103739,0.14782428189626093,22,29
46,exp_4_cellonly_VTN.czi,10,416596,20146982,21034539,106670,73659,4848.636363636364,3348.1363636363635,0.2560514263219042,0.17681158724519677,86416,20254,0.8101246836036374,0.18987531639636263,22,22
47,exp_4_cellonly_VTN.czi,11,495677,13148513,14467597,109535,68889,6085.277777777777,2460.3214285714284,0.22098059825249103,0.1389796177752851,89151,20384,0.8139042315241704,0.18609576847582965,18,28
48,exp_5_LNP_A2M.czi,0,2244914,35447345,10169256,888607,412425,52271.0,13747.5,0.395831198878888,0.18371527817992137,814589,74018,0.9167033345449676,0.08329666545503242,17,30
49,exp_5_LNP_A2M.czi,1,2608783,58913316,15137088,1232924,610991,102743.66666666667,21821.10714285714,0.4726050422745012,0.23420537469003747,1136712,96212,0.9219643708776859,0.07803562912231411,12,28
50,exp_5_LNP_A2M.czi,2,2225357,49541615,12879305,870275,361419,43513.75,13385.888888888889,0.39107208416447337,0.16240944711342944,778241,92034,0.8942472207060986,0.10575277929390135,20,27
51,exp_5_LNP_A2M.czi,3,2053729,44971576,20051699,918573,479575,41753.318181818184,17127.678571428572,0.4472707937610074,0.2335142562626325,828502,90071,0.9019446467509931,0.09805535324900688,22,28
52,exp_5_LNP_A2M.czi,4,2565143,58432022,33806761,1450356,872530,76334.52631578948,30087.241379310344,0.5654094138221534,0.3401486778709803,1336986,113370,0.9218329844534721,0.07816701554652788,19,29
53,exp_5_LNP_A2M.czi,5,1899127,45662769,22640754,867083,506993,37699.260869565216,16354.612903225807,0.4565692552420138,0.2669610826448152,757084,109999,0.8731390189866484,0.12686098101335166,23,31
54,exp_5_LNP_A2M.czi,6,2980420,103900202,22601701,1890436,907754,135031.14285714287,22140.341463414636,0.6342851007576114,0.30457250991471,1793903,96533,0.9489361184404022,0.051063881559597894,14,41
55,exp_5_LNP_A2M.czi,7,2884589,92604568,19240529,1317384,485847,82336.5,16194.9,0.4566972972579456,0.1684285005593518,1180201,137183,0.895867112398511,0.104132887601489,16,30
56,exp_5_LNP_A2M.czi,8,2125700,66605371,15517025,822274,319202,51392.125,11006.965517241379,0.38682504586724376,0.15016324034435716,729359,92915,0.8870023860659586,0.11299761393404145,16,29
57,exp_5_LNP_A2M.czi,9,2442955,35474249,19764759,1015456,660838,50772.8,23601.35714285714,0.41566709169837346,0.270507643407267,880776,134680,0.8673699303564113,0.1326300696435887,20,28
58,exp_5_LNP_A2M.czi,10,2345982,44794507,18569894,1015267,552653,44142.04347826087,19737.60714285714,0.4327684526138734,0.23557427124334288,849458,165809,0.8366843401784949,0.1633156598215051,23,28
59,exp_5_LNP_A2M.czi,11,1654898,16677019,11703663,524458,325174,32778.625,12506.692307692309,0.31691258313201176,0.196491868381012,461436,63022,0.879834038187996,0.12016596181200401,16,26
60,exp_6_cellonly_A2M.czi,0,195132,39827497,16777913,68295,33122,4017.3529411764707,1505.5454545454545,0.3499938503167087,0.1697415083123219,61255,7040,0.8969177831466433,0.10308221685335676,17,22
61,exp_6_cellonly_A2M.czi,1,266832,56490838,16776901,97971,54663,5442.833333333333,2186.52,0.36716360856269115,0.20485923727289082,86135,11836,0.8791887395249615,0.12081126047503853,18,25
62,exp_6_cellonly_A2M.czi,2,375946,63578236,16473224,135642,54983,7139.0526315789475,1570.942857142857,0.3608018172822693,0.1462523873109436,117504,18138,0.8662803556420577,0.13371964435794223,19,35
63,exp_6_cellonly_A2M.czi,3,208700,61481507,27043281,116185,61049,8937.307692307691,1907.78125,0.5567081935793005,0.29252036415908,109204,6981,0.9399147910659724,0.06008520893402763,13,32
64,exp_6_cellonly_A2M.czi,4,297428,67770188,21868966,125767,57246,7860.4375,2044.5,0.4228485549443899,0.1924701104132765,113816,11951,0.9049750729523643,0.09502492704763571,16,28
65,exp_6_cellonly_A2M.czi,5,428902,51531504,17007746,153136,82555,5889.846153846154,2428.0882352941176,0.35704193498747966,0.19247986719576965,130660,22476,0.8532285027687807,0.1467714972312193,26,34
66,exp_6_cellonly_A2M.czi,6,237649,69320312,26524140,116200,54122,6115.789473684211,1424.2631578947369,0.4889564020887948,0.22773922886273454,103246,12954,0.8885197934595525,0.1114802065404475,19,38
67,exp_6_cellonly_A2M.czi,7,342162,35888834,18544645,95791,54336,4561.476190476191,2173.44,0.2799580315756864,0.15880197099619478,79086,16705,0.8256099216001503,0.17439007839984969,21,25
68,exp_6_cellonly_A2M.czi,8,428140,39243800,18173373,131740,71756,5727.826086956522,1993.2222222222222,0.30770308777502686,0.16759938337926847,112211,19529,0.8517610444815545,0.14823895551844543,23,36
69,exp_6_cellonly_A2M.czi,9,225520,43938837,18841046,76283,39543,7628.3,1797.409090909091,0.3382538134090103,0.17534143313231643,70175,6108,0.9199297353276614,0.08007026467233853,10,22
70,exp_6_cellonly_A2M.czi,10,347900,46793437,25511327,99919,48270,6661.266666666666,2098.695652173913,0.28720609370508765,0.13874676631215865,87996,11923,0.8806733454097819,0.11932665459021807,15,23
71,exp_6_cellonly_A2M.czi,11,473804,17086105,11975012,72906,43923,3471.714285714286,1909.695652173913,0.15387375370406328,0.09270288980253438,59108,13798,0.8107426000603517,0.18925739993964832,21,23
72,exp_7_LNP_CR.czi,0,3511068,93213379,20993968,1964891,1128594,130992.73333333334,29699.842105263157,0.5596277258087853,0.3214389467820048,1797411,167480,0.9147637197177859,0.08523628028221412,15,38
73,exp_7_LNP_CR.czi,1,3119460,100086332,18247201,1345272,642878,67263.6,24726.076923076922,0.4312515627704795,0.20608630981003123,1216820,128452,0.9045159640578262,0.09548403594217378,20,26
74,exp_7_LNP_CR.czi,2,3420860,59964721,12560640,1217725,582377,60886.25,22399.115384615383,0.3559704284887426,0.170242862905819,1104531,113194,0.9070446939990556,0.09295530600094438,20,26
75,exp_7_LNP_CR.czi,3,3196746,61171131,23314506,1423223,831112,59300.958333333336,25185.21212121212,0.44520991032756435,0.259986874152654,1245076,178147,0.8748284703099936,0.12517152969000642,24,33
76,exp_7_LNP_CR.czi,4,2720375,71182961,22968920,911119,492634,43386.619047619046,19705.36,0.33492404539815285,0.1810904746588246,781817,129302,0.8580843995131262,0.14191560048687382,21,25
77,exp_7_LNP_CR.czi,5,2406112,51358885,15781506,752967,437738,47060.4375,19897.18181818182,0.31293929792129377,0.1819275245707598,650378,102589,0.8637536571987883,0.13624634280121173,16,22
78,exp_7_LNP_CR.czi,6,3265441,51337354,20273030,878368,872859,46229.89473684211,26450.272727272728,0.26898908906943964,0.26730202750562637,775870,102498,0.8833085904768844,0.1166914095231156,19,33
79,exp_7_LNP_CR.czi,7,2523553,52159324,16855809,564114,309704,47009.5,16300.21052631579,0.2235395888257548,0.12272537965321116,495349,68765,0.8781008803185172,0.12189911968148281,12,19
80,exp_7_LNP_CR.czi,8,2253021,28868995,14603550,516221,413933,28678.944444444445,19711.095238095237,0.2291239185076393,0.18372354274549593,417540,98681,0.80883962488934,0.19116037511065997,18,21
81,exp_7_LNP_CR.czi,9,3308817,33956718,25101336,1259484,1000181,78717.75,41674.208333333336,0.38064480447241417,0.30227752093875243,1051392,208092,0.8347799575064074,0.16522004249359262,16,24
82,exp_7_LNP_CR.czi,10,2525645,31540655,21257869,633540,460578,37267.05882352941,28786.125,0.25084285400363077,0.18236054552401465,537078,96462,0.8477412633772138,0.15225873662278624,17,16
83,exp_7_LNP_CR.czi,11,2352369,11075694,12640753,464191,503132,27305.352941176472,20125.28,0.1973291605186091,0.21388311102552363,387073,77118,0.8338658009310822,0.16613419906891774,17,25
84,exp_8_cellonly_CR.czi,0,236752,76593675,21478663,134080,61673,7887.058823529412,1762.0857142857142,0.5663310130431845,0.26049621544907753,123336,10744,0.9198687350835322,0.08013126491646778,17,35
85,exp_8_cellonly_CR.czi,1,335540,93531569,28528180,199169,65748,11715.823529411764,1643.7,0.5935775168385289,0.19594683197234308,175065,24104,0.8789771500584931,0.12102284994150696,17,40
86,exp_8_cellonly_CR.czi,2,381552,62295886,16521661,131296,45896,7723.294117647059,1529.8666666666666,0.3441103702771837,0.12028766721180861,113591,17705,0.8651520229100658,0.1348479770899342,17,30
87,exp_8_cellonly_CR.czi,3,192278,43209954,15707630,76046,35961,5849.692307692308,1331.888888888889,0.3955002652409532,0.18702607682626196,68613,7433,0.9022565289430082,0.09774347105699183,13,27
88,exp_8_cellonly_CR.czi,4,302116,58240502,17472669,113731,54143,4944.826086956522,2461.0454545454545,0.3764481192654477,0.17921262031802354,102428,11303,0.9006163666898207,0.09938363331017928,23,22
89,exp_8_cellonly_CR.czi,5,409440,55433796,18680964,176623,76528,12615.92857142857,2013.8947368421052,0.43137700273544355,0.18690894880812817,156314,20309,0.8850149753995799,0.11498502460042011,14,38
90,exp_8_cellonly_CR.czi,6,219557,51616453,24216908,105713,60110,4596.217391304348,2072.7586206896553,0.48148316837996513,0.27377856319771177,93507,12206,0.8845364335512189,0.11546356644878113,23,29
91,exp_8_cellonly_CR.czi,7,347094,55240796,22519315,115210,54702,6777.058823529412,2486.4545454545455,0.3319273741407227,0.15759995851267955,101843,13367,0.8839770853224547,0.11602291467754536,17,22
92,exp_8_cellonly_CR.czi,8,427117,34133536,16197177,133107,64452,6050.318181818182,2301.8571428571427,0.31164060433089763,0.15090010465516474,115207,17900,0.8655217231250047,0.1344782768749953,22,28
93,exp_8_cellonly_CR.czi,9,219608,41742649,28464270,91106,51537,3961.1304347826085,1717.9,0.41485738224472696,0.2346772430876835,79589,11517,0.8735868109674445,0.1264131890325555,23,30
94,exp_8_cellonly_CR.czi,10,371148,53781024,23154415,107292,57343,5646.9473684210525,2493.1739130434785,0.2890814445989201,0.15450170821343506,91413,15879,0.8520020131976289,0.1479979868023711,19,23
95,exp_8_cellonly_CR.czi,11,471885,21822960,16223493,109364,74323,4971.090909090909,3096.7916666666665,0.23175985674475771,0.15750235756593237,91259,18105,0.8344519220218719,0.1655480779781281,22,24
96,exp_9_cellonly_np.czi,0,194888,59885672,20349797,119801,70111,4991.708333333333,1845.0263157894738,0.6147171708878946,0.3597502155083946,109410,10391,0.9132644969574545,0.08673550304254556,24,38
97,exp_9_cellonly_np.czi,1,249012,86675153,23176107,139451,68084,8203.0,1791.6842105263158,0.5600171879266863,0.2734165421746743,127821,11630,0.9166015302866239,0.08339846971337603,17,38
98,exp_9_cellonly_np.czi,2,323802,50714951,16834842,101560,45749,6347.5,1989.0869565217392,0.3136484641849031,0.1412869593146429,89854,11706,0.884738085860575,0.11526191413942496,16,23
99,exp_9_cellonly_np.czi,3,229086,48434439,32318990,158172,113908,7908.6,3674.451612903226,0.6904481286503759,0.4972281152056433,141251,16921,0.8930215208760084,0.10697847912399161,20,31
100,exp_9_cellonly_np.czi,4,192670,57435625,21983784,91591,49811,8326.454545454546,2165.695652173913,0.4753775886230342,0.2585301292365184,86378,5213,0.9430839274601216,0.05691607253987837,11,23
101,exp_9_cellonly_np.czi,5,320912,84964490,26547914,139939,59900,9329.266666666666,2852.3809523809523,0.4360665852320885,0.1866555317345565,127668,12271,0.9123117929955195,0.08768820700448052,15,21
102,exp_9_cellonly_np.czi,6,224264,70398196,21514628,130410,68713,4657.5,1717.825,0.5815021581707274,0.3063933578282738,116822,13588,0.8958055363852465,0.10419446361475347,28,40
103,exp_9_cellonly_np.czi,7,246154,68136991,19316748,116551,59656,8965.461538461539,2386.24,0.47348814156991154,0.24235234852978216,106090,10461,0.9102453003406235,0.08975469965937659,13,25
104,exp_9_cellonly_np.czi,8,314584,50023239,15377674,102491,40684,8540.916666666666,1849.2727272727273,0.32579851486407446,0.12932634844747348,93207,9284,0.9094164365651618,0.09058356343483819,12,22
105,exp_9_cellonly_np.czi,9,255186,101058879,22586104,166148,75956,10384.25,1947.5897435897436,0.6510858746169461,0.2976495575776101,153278,12870,0.9225389411849676,0.07746105881503237,16,39
106,exp_9_cellonly_np.czi,10,296092,111112719,20522049,140965,58274,11747.083333333334,2009.448275862069,0.47608513570106586,0.19681045080583062,130720,10245,0.9273223849891817,0.07267761501081829,12,29
107,exp_9_cellonly_np.czi,11,406096,160325111,22603051,198726,71338,11689.764705882353,1928.054054054054,0.4893571963279619,0.1756678223868248,178228,20498,0.8968529533126013,0.10314704668739873,17,37
108,exp_10_LNP_np.czi,0,2075927,52272598,13883261,796717,389987,33196.541666666664,10540.18918918919,0.3837885436241255,0.1878616155577725,708532,88185,0.8893145244798342,0.11068547552016587,24,37
109,exp_10_LNP_np.czi,1,1690169,7946635,4846405,82049,47670,41024.5,23835.0,0.04854484965704613,0.028204280163699608,73409,8640,0.8946970712622945,0.10530292873770551,2,2
110,exp_10_LNP_np.czi,2,2494414,35160788,13974597,1241780,726663,62089.0,22708.21875,0.4978243387023966,0.29131611673122426,1115944,125836,0.898664819855369,0.1013351801446311,20,32
111,exp_10_LNP_np.czi,3,2961729,44039090,27321652,1268838,1001100,60420.857142857145,25669.23076923077,0.4284112422169618,0.3380120193306005,1136419,132419,0.895637583363676,0.10436241663632394,21,39
112,exp_10_LNP_np.czi,4,2104069,32938744,23064303,683680,399959,48834.28571428572,16664.958333333332,0.32493230972938625,0.19008834786311665,622619,61061,0.9106877486543412,0.08931225134565879,14,24
113,exp_10_LNP_np.czi,5,1746749,42732714,24826888,414445,269063,23024.722222222223,12230.136363636364,0.2372664876293045,0.15403644141201742,347500,66945,0.838470725910555,0.16152927408944492,18,22
114,exp_10_LNP_np.czi,6,2854519,50521848,29610032,1553690,972331,86316.11111111111,34726.107142857145,0.5442913499612368,0.3406286663357294,1352944,200746,0.8707940451441407,0.12920595485585928,18,28
115,exp_10_LNP_np.czi,7,2356888,65960440,25327426,1025103,535910,64068.9375,24359.545454545456,0.43493920797254687,0.2273803422139703,949797,75306,0.9265381137310105,0.07346188626898956,16,22
116,exp_10_LNP_np.czi,8,2717156,65766388,26963360,1419466,853906,50695.21428571428,24397.314285714285,0.5224087244162646,0.3142646208020445,1226127,193339,0.8637945537265422,0.13620544627345776,28,35
117,exp_10_LNP_np.czi,9,2881560,73673793,20407894,1458501,758899,81027.83333333333,29188.423076923078,0.5061497938616583,0.26336394175377226,1343032,115469,0.9208303593895376,0.07916964061046239,18,26
118,exp_10_LNP_np.czi,10,3034809,106714354,26431210,1557758,800287,97359.875,27596.103448275862,0.5132968829339837,0.263702592156541,1438439,119319,0.9234033784451757,0.0765966215548243,16,29
119,exp_10_LNP_np.czi,11,2495349,50708201,16421587,952747,478262,39697.791666666664,15942.066666666668,0.3818091176825366,0.19166136680680737,828619,124128,0.8697156747803981,0.13028432521960184,24,30
120,exp_11_LNP_VTN.czi,0,7231688,32844959,29162688,5286228,3282094,293679.3333333333,96532.17647058824,0.7309812038351212,0.4538489492356418,4582550,703678,0.8668846671010029,0.13311533289899716,18,34
121,exp_11_LNP_VTN.czi,1,6631680,33974452,22648297,4528208,2229339,301880.5333333333,111466.95,0.6828146110789423,0.33616504415170817,3952564,575644,0.8728759809620052,0.12712401903799472,15,20
122,exp_11_LNP_VTN.czi,2,4425920,16290159,13580439,1736259,938617,96458.83333333333,44696.04761904762,0.39229335369821416,0.2120727441978165,1355762,380497,0.7808523958695103,0.21914760413048975,18,21
123,exp_11_LNP_VTN.czi,3,6649388,29634291,31056112,4638310,2633207,421664.54545454547,114487.26086956522,0.6975544215497727,0.396007422036434,4012671,625639,0.8651148802042123,0.13488511979578768,11,23
124,exp_11_LNP_VTN.czi,4,4022479,24618574,14613423,1619304,1026296,134942.0,93299.63636363637,0.4025636926880165,0.2551401759959468,1287458,331846,0.7950687455845228,0.20493125441547727,12,11
125,exp_11_LNP_VTN.czi,5,5367007,24079363,20009042,3256750,2229661,148034.0909090909,89186.44,0.6068093445751049,0.4154384371028396,2632473,624277,0.8083128886159515,0.1916871113840485,22,25
126,exp_11_LNP_VTN.czi,6,6900204,37830675,27869901,4872157,2832078,232007.47619047618,104891.77777777778,0.7060888344750387,0.41043395238749464,4319403,552754,0.8865484014575064,0.1134515985424936,21,27
127,exp_11_LNP_VTN.czi,7,5967831,26029551,19703016,3611663,1997019,257975.92857142858,142644.2142857143,0.60518855175356,0.33463062208028344,3023758,587905,0.8372204161905471,0.16277958380945287,14,14
128,exp_11_LNP_VTN.czi,8,6314825,28133990,20005143,3935431,2311417,187401.47619047618,92456.68,0.623205076941958,0.3660302542034023,3256219,679212,0.8274110256284508,0.17258897437154913,21,25
129,exp_11_LNP_VTN.czi,9,7519311,47445626,27417629,5386005,3013452,299222.5,111609.33333333333,0.7162896972874243,0.4007617187266227,4725273,660732,0.8773242876677612,0.12267571233223883,18,27
130,exp_11_LNP_VTN.czi,10,6800016,45820078,23091901,4260148,2179033,266259.25,94740.56521739131,0.626490878844991,0.32044527542288137,3681264,578884,0.8641164579258749,0.13588354207412512,16,23
131,exp_11_LNP_VTN.czi,11,5834455,26336153,16622277,3158695,1962062,150414.04761904763,81752.58333333333,0.5413864705443782,0.33628882217790695,2480006,678689,0.7851362667177426,0.21486373328225739,21,24
132,exp_12_LNP_A2M.czi,0,2808397,57896844,26735065,1515050,780405,79739.47368421052,21677.916666666668,0.5394714493712961,0.277882720997067,1395096,119954,0.9208250552787036,0.07917494472129633,19,36
133,exp_12_LNP_A2M.czi,1,2914024,96081475,34700187,1684500,922273,84225.0,38428.041666666664,0.578066618531625,0.31649464795073756,1522050,162450,0.9035618878005343,0.09643811219946571,20,24
134,exp_12_LNP_A2M.czi,2,2340452,56551632,17437805,731312,317655,34824.380952380954,11765.0,0.31246613901930054,0.13572378326921467,615572,115740,0.8417364955039709,0.15826350449602905,21,27
135,exp_12_LNP_A2M.czi,3,2565274,57416351,26360770,1193057,661183,62792.47368421053,25430.115384615383,0.46507975366374116,0.2577436172510227,1064004,129053,0.8918299796237732,0.10817002037622679,19,26
136,exp_12_LNP_A2M.czi,4,2683677,56217161,22738291,1159572,571320,64420.666666666664,24840.0,0.4320832946736884,0.2128870203083307,1029233,130339,0.8875973203906269,0.11240267960937311,18,23
137,exp_12_LNP_A2M.czi,5,2426975,46023270,22145088,1017058,556611,39117.61538461538,17394.09375,0.419064061228484,0.22934352434615107,858200,158858,0.8438063512602034,0.15619364873979655,26,32
138,exp_12_LNP_A2M.czi,6,2124133,61736949,33904879,892541,517393,44627.05,16168.53125,0.42019073193627704,0.24357843882657065,780752,111789,0.8747519721783089,0.12524802782169112,20,32
139,exp_12_LNP_A2M.czi,7,2476769,93165260,31074797,1136650,543867,54126.19047619047,16995.84375,0.4589245101178188,0.21958729296111185,1018648,118002,0.8961844015308142,0.10381559846918577,21,32
140,exp_12_LNP_A2M.czi,8,1850518,34174332,23896534,578351,345750,36146.9375,14406.25,0.3125346524594735,0.186839576810385,492923,85428,0.8522903911292623,0.14770960887073767,16,24
141,exp_12_LNP_A2M.czi,9,2673078,82446914,27306955,1223505,600502,53195.86956521739,26108.782608695652,0.45771391631669556,0.22464813971010197,1081043,142462,0.8835623883841913,0.11643761161580868,23,23
142,exp_12_LNP_A2M.czi,10,3246198,127019509,25506617,1512257,643015,100817.13333333333,20094.21875,0.4658548246286887,0.19808249527601213,1373661,138596,0.9083515566467869,0.09164844335321311,15,32
143,exp_12_LNP_A2M.czi,11,2462286,55115498,19975326,951626,511006,59476.625,25550.3,0.3864806931445007,0.2075331622727823,840131,111495,0.882837375187311,0.11716262481268902,16,20
144,exp_13_LNP_CR.czi,0,3087681,47646569,20191133,1137860,683762,56893.0,24420.071428571428,0.3685160481280288,0.22144839444230152,1004764,133096,0.8830295466929148,0.11697045330708523,20,28
145,exp_13_LNP_CR.czi,1,3362347,39505073,24361279,1269456,784821,63472.8,43601.166666666664,0.377550562151973,0.23341463566966764,1099677,169779,0.8662584603168602,0.13374153968313987,20,18
146,exp_13_LNP_CR.czi,2,2938252,30749894,18246236,771899,683080,36757.09523809524,28461.666666666668,0.26270687469965137,0.23247835788080803,605907,165992,0.7849563220058583,0.21504367799414173,21,24
147,exp_13_LNP_CR.czi,3,3230689,53452684,28174289,1402405,785595,60974.13043478261,29096.11111111111,0.4340885179601008,0.2431663957750189,1241452,160953,0.8852307286411557,0.11476927135884427,23,27
148,exp_13_LNP_CR.czi,4,3338863,61053450,30152415,1534468,786176,80761.47368421052,31447.04,0.45957800604577065,0.23546219177007263,1374024,160444,0.8954399831081521,0.10456001689184787,19,25
149,exp_13_LNP_CR.czi,5,3940638,48530975,25392574,1743252,1222142,87162.6,48885.68,0.4423781123767268,0.3101381045404323,1411665,331587,0.8097882578078213,0.19021174219217876,20,25
150,exp_13_LNP_CR.czi,6,3134996,51486083,37025719,1319131,804566,69427.94736842105,32182.64,0.42077597547173906,0.2566401998599041,1135281,183850,0.860627943699299,0.13937205630070099,19,25
151,exp_13_LNP_CR.czi,7,2633374,97345015,40976437,1108045,578734,61558.055555555555,21434.59259259259,0.4207700843100904,0.2197690111621061,988956,119089,0.8925233180962867,0.1074766819037133,18,27
152,exp_13_LNP_CR.czi,8,2406759,27164195,21274793,623370,474623,32808.94736842105,23731.15,0.2590080685270108,0.19720420698541066,530603,92767,0.8511846896706611,0.14881531032933892,19,20
153,exp_13_LNP_CR.czi,9,3743538,63015582,21860324,1601041,1098734,76240.04761904762,40693.851851851854,0.4276812469914824,0.29350149510970636,1372689,228352,0.8573727968240663,0.14262720317593366,21,27
154,exp_13_LNP_CR.czi,10,3360654,100667445,31150348,1617055,962551,73502.5,31050.032258064515,0.4811727122161341,0.28641776273308706,1442055,175000,0.8917785727758177,0.10822142722418224,22,31
155,exp_13_LNP_CR.czi,11,3027925,74271041,21308998,990808,698842,47181.333333333336,20554.176470588234,0.3272234285855825,0.23079897949916198,841392,149416,0.8491978264204568,0.15080217357954315,21,34
156,exp_14_cellonly_np.czi,0,182506,37434459,17628529,82801,43981,4140.05,1570.75,0.4536891937799305,0.24098385806494033,72274,10527,0.8728638543012766,0.12713614569872345,20,28
157,exp_14_cellonly_np.czi,1,239542,42260041,17434142,64158,24982,4582.714285714285,1387.888888888889,0.26783612059680556,0.10429068806305367,56133,8025,0.8749181707659216,0.12508182923407837,14,18
158,exp_14_cellonly_np.czi,2,441682,31995739,18817827,119938,83646,4797.52,2788.2,0.27154830851155354,0.18938059508877428,99484,20454,0.8294618886424653,0.17053811135753472,25,30
159,exp_14_cellonly_np.czi,3,226451,79664821,31529291,127717,65829,7095.388888888889,1567.357142857143,0.563993976621874,0.2906986500390813,118528,9189,0.9280518646695428,0.07194813533045719,18,42
160,exp_14_cellonly_np.czi,4,291128,53881916,20155633,97115,38781,6069.6875,2281.235294117647,0.33358179220136847,0.1332094473908384,86283,10832,0.8884621325232971,0.11153786747670288,16,17
161,exp_14_cellonly_np.czi,5,406274,48236185,19810796,121349,60141,6067.45,1822.4545454545455,0.29868758522573435,0.14803063942068653,100288,21061,0.8264427395363786,0.17355726046362147,20,33
162,exp_14_cellonly_np.czi,6,197404,44092224,20321831,74257,34835,6188.083333333333,1935.2777777777778,0.3761676561771798,0.17646552248181394,67186,7071,0.9047766540528166,0.09522334594718343,12,18
163,exp_14_cellonly_np.czi,7,309582,84856209,31436352,147105,63103,9194.0625,2337.1481481481483,0.4751729751729752,0.20383291018211652,133951,13154,0.9105808776044322,0.08941912239556779,16,27
164,exp_14_cellonly_np.czi,8,387398,39238186,16657230,111376,48611,7425.066666666667,2113.521739130435,0.2874976122747149,0.12548077171281213,94773,16603,0.8509283867260451,0.14907161327395488,15,23
165,exp_14_cellonly_np.czi,9,256113,85996323,33414310,140581,78311,8786.3125,2610.366666666667,0.5489022423695791,0.3057673761191349,128866,11715,0.9166672594447329,0.08333274055526707,16,30
166,exp_14_cellonly_np.czi,10,397264,119011028,28465413,167338,75209,13944.833333333334,3008.36,0.4212261871199001,0.18931743122961053,153196,14142,0.9154884126737501,0.08451158732624986,12,25
167,exp_14_cellonly_np.czi,11,473377,72471388,18704595,146599,61486,8623.470588235294,2459.44,0.3096876274090207,0.12988801737304517,126812,19787,0.8650263644363195,0.13497363556368053,17,25
168,exp_15_LNP_np.czi,0,2483121,37767153,38916643,1152001,949907,50087.0,36534.88461538462,0.4639326879358678,0.38254559483810896,971940,180061,0.8436971842906387,0.15630281570936136,23,26
169,exp_15_LNP_np.czi,1,1911283,38086752,30407631,602275,375002,37642.1875,19736.947368421053,0.31511555326971463,0.19620432976173596,513156,89119,0.852029388568345,0.14797061143165496,16,19
170,exp_15_LNP_np.czi,2,1583479,42109914,29376097,434262,296297,22855.894736842107,11396.038461538461,0.27424550625552974,0.18711773253702765,370057,64205,0.8521514661655867,0.14784853383441332,19,26
171,exp_15_LNP_np.czi,3,2371876,58230881,35977085,1076913,756074,53845.65,24389.483870967742,0.4540342749789618,0.3187662424173945,937799,139114,0.8708215055440875,0.1291784944559124,20,31
172,exp_15_LNP_np.czi,4,2304144,51340756,34772820,846231,443588,49778.294117647056,18482.833333333332,0.3672648063662688,0.19251748154629225,732991,113240,0.8661831107581736,0.13381688924182641,17,24
173,exp_15_LNP_np.czi,5,2454632,77534731,37384469,1255519,762303,54587.782608695656,28233.444444444445,0.5114897059925887,0.3105569388812661,1109282,146237,0.8835246619127229,0.11647533808727706,23,27
174,exp_15_LNP_np.czi,6,2420797,115612904,32123994,1165143,548506,58257.15,17693.74193548387,0.4813055369781109,0.22658075005876163,1067468,97675,0.9161690882578362,0.08383091174216384,20,31
175,exp_15_LNP_np.czi,7,2518859,106264574,40285982,1089037,506568,90753.08333333333,23025.81818181818,0.43235329964876956,0.20111010580584304,998098,90939,0.9164959500916865,0.08350404990831349,12,22
176,exp_15_LNP_np.czi,8,2396698,72171285,20556692,709071,280258,39392.833333333336,13345.619047619048,0.29585329482479644,0.11693504980602479,616370,92701,0.8692641498524125,0.13073585014758748,18,21
177,exp_15_LNP_np.czi,9,2664995,66377649,26926900,1234540,812346,72620.0,31244.076923076922,0.46324289539004765,0.3048208345606652,1122177,112363,0.9089839130364347,0.09101608696356538,17,26
178,exp_15_LNP_np.czi,10,2898275,101842953,25024720,1209189,614980,93014.53846153847,27953.636363636364,0.41720989209098513,0.21218828441055457,1106121,103068,0.9147627045896051,0.0852372954103949,13,22
179,exp_15_LNP_np.czi,11,2913132,62312010,21585386,978135,525187,75241.15384615384,23872.136363636364,0.3357674832448375,0.18028259618856957,873126,105009,0.8926436534834149,0.10735634651658513,13,22
180,exp_16_LNP_VTN.czi,0,3421435,15941866,30114100,1564675,1082427,104311.66666666667,56969.84210526316,0.4573154246683044,0.31636637843477955,1241662,323013,0.7935590458082349,0.20644095419176506,15,19
181,exp_16_LNP_VTN.czi,1,3336859,13180034,30679783,1121979,1249649,80141.35714285714,83309.93333333333,0.33623806100287723,0.37449859283835485,731217,390762,0.6517207541317618,0.34827924586823816,14,15
182,exp_16_LNP_VTN.czi,2,2217331,8645733,17503954,476701,611267,28041.235294117647,27784.863636363636,0.21498865076977683,0.2756769287039238,302821,173880,0.6352430559197484,0.36475694408025156,17,22
183,exp_16_LNP_VTN.czi,3,5098034,26131153,21709260,3207401,1603901,188670.64705882352,80195.05,0.6291446859711018,0.3146116718719412,2624075,583326,0.8181312533107024,0.18186874668929767,17,20
184,exp_16_LNP_VTN.czi,4,5234830,31507188,18373925,3068243,1313194,236018.6923076923,87546.26666666666,0.5861208482414901,0.25085704788885216,2574896,493347,0.8392086285212742,0.16079137147872577,13,15
185,exp_16_LNP_VTN.czi,5,4509301,28917338,20812069,2408935,1668032,172066.7857142857,92668.44444444444,0.5342147264065983,0.369909216528238,1963669,445266,0.8151606415283102,0.18483935847168978,14,18
186,exp_16_LNP_VTN.czi,6,4679247,29511913,19406063,2709260,1388826,246296.36363636365,81695.64705882352,0.5789948681913992,0.2968054475431624,2443321,265939,0.9018407240353454,0.09815927596465455,11,17
187,exp_16_LNP_VTN.czi,7,3809626,22414954,11266812,1355736,623802,150637.33333333334,62380.2,0.35587115375630046,0.16374363257705613,1151260,204476,0.8491771259301221,0.1508228740698779,9,10
188,exp_16_LNP_VTN.czi,8,5058557,29207719,19702685,2643013,1357244,132150.65,54289.76,0.5224835857340344,0.26830655461626707,2179314,463699,0.8245566707390392,0.17544332926096087,20,25
189,exp_16_LNP_VTN.czi,9,3380500,13838661,13259924,1424890,682864,142489.0,52528.0,0.42150273628161516,0.202000887442686,1200291,224599,0.8423744990841399,0.15762550091586017,10,13
190,exp_16_LNP_VTN.czi,10,3353903,15336134,11011315,1115123,705850,139390.375,88231.25,0.3324851672812243,0.21045629524765624,894867,220256,0.802482775442709,0.19751722455729098,8,8
191,exp_16_LNP_VTN.czi,11,3892680,14573562,17428865,1461952,922630,112457.84615384616,61508.666666666664,0.3755643926549318,0.23701665690475457,1175402,286550,0.8039949328021714,0.19600506719782865,13,15
192,exp_17_LNP_A2M.czi,0,2171148,52160845,25357096,751442,517259,39549.57894736842,24631.380952380954,0.3461035360095212,0.23824216497447434,614529,136913,0.8177996438846911,0.18220035611530896,19,21
193,exp_17_LNP_A2M.czi,1,2045953,36880173,18449037,536999,268950,44749.916666666664,22412.5,0.2624688836938092,0.13145463263330096,472193,64806,0.8793182110208771,0.12068178897912286,12,12
194,exp_17_LNP_A2M.czi,2,1827086,38327240,16149876,391555,234782,27968.214285714286,13810.70588235294,0.21430573054579807,0.1285007930661173,336356,55199,0.8590261904457867,0.14097380955421332,14,17
195,exp_17_LNP_A2M.czi,3,2965583,73180078,27993134,1652198,1136364,103262.375,47348.5,0.5571241809789171,0.3831840147451614,1559893,92305,0.9441319987071768,0.05586800129282326,16,24
196,exp_17_LNP_A2M.czi,4,2707305,92176950,33316553,1055976,417882,81228.92307692308,18994.636363636364,0.3900469285876545,0.15435349914398266,972127,83849,0.9205957332363615,0.07940426676363857,13,22
197,exp_17_LNP_A2M.czi,5,2631581,66305326,21552326,1025740,391521,48844.76190476191,18643.85714285714,0.38978089597090115,0.14877786395326612,889552,136188,0.867229512352058,0.13277048764794197,21,21
198,exp_17_LNP_A2M.czi,6,2015718,54768721,17384667,603625,264162,43116.07142857143,16510.125,0.2994590513157098,0.1310510696436704,535887,67738,0.8877813211845103,0.11221867881548975,14,16
199,exp_17_LNP_A2M.czi,7,2594029,73318837,25945185,1053950,606537,75282.14285714286,30326.85,0.40629846466635494,0.2338204391701095,959826,94124,0.9106940556952418,0.08930594430475829,14,20
200,exp_17_LNP_A2M.czi,8,2559105,87329139,30689277,1057249,564757,62191.117647058825,21721.423076923078,0.41313232555913104,0.22068535679466064,915827,141422,0.8662358630748291,0.1337641369251709,17,26
201,exp_17_LNP_A2M.czi,9,2215828,102050824,19710919,810936,279827,81093.6,15545.944444444445,0.3659742543193786,0.12628552396666168,739861,71075,0.9123543658192509,0.08764563418074917,10,18
202,exp_17_LNP_A2M.czi,10,2840173,65599518,14519670,633419,228126,63341.9,19010.5,0.22302127370410182,0.0803211635347565,565302,68117,0.892461388117502,0.107538611882498,10,12
203,exp_17_LNP_A2M.czi,11,3469626,80795171,16133637,863137,323255,71928.08333333333,19015.0,0.24876946391340163,0.09316710216029048,764074,99063,0.8852291119486246,0.11477088805137539,12,17
204,exp_18_LNP_CR.czi,0,3504238,45245681,16964187,547399,237549,54739.9,14846.8125,0.15621056560655983,0.06778905998964682,492849,54550,0.9003469133118621,0.09965308668813791,10,16
205,exp_18_LNP_CR.czi,1,4607033,78199866,24535224,1309492,787638,77028.94117647059,32818.25,0.2842375993399657,0.17096426268272877,1199245,110247,0.9158093367504345,0.08419066324956548,17,24
206,exp_18_LNP_CR.czi,2,3271903,56925563,27033378,1085938,549214,72395.86666666667,18938.41379310345,0.33189798108318,0.16785766570708238,952155,133783,0.8768042006081378,0.12319579939186215,15,29
207,exp_18_LNP_CR.czi,3,3398369,87323378,22845114,990888,498224,47185.142857142855,19928.96,0.29157751850961444,0.14660679873197996,882268,108620,0.8903811530667441,0.10961884693325583,21,25
208,exp_18_LNP_CR.czi,4,3987288,20062192,6504794,288078,150892,41154.0,37723.0,0.0722491076641567,0.03784326589902711,247623,40455,0.8595692833191011,0.14043071668089893,7,4
209,exp_18_LNP_CR.czi,5,3897686,40892714,17776273,1459861,877381,69517.19047619047,38147.0,0.37454556370112935,0.22510304832149128,1088927,370934,0.7459114258138275,0.25408857418617253,21,23
210,exp_18_LNP_CR.czi,6,2974672,52523505,23288683,492536,243693,37887.38461538462,14334.882352941177,0.16557657449291888,0.08192264558916075,435720,56816,0.8846459954196242,0.11535400458037585,13,17
211,exp_18_LNP_CR.czi,7,5364561,44662590,23804523,1136166,337421,81154.71428571429,28118.416666666668,0.21179104869904547,0.06289815699737593,918354,217812,0.8082920981617123,0.1917079018382877,14,12
212,exp_18_LNP_CR.czi,8,3489386,47312881,32886433,1130181,801430,49138.30434782609,29682.59259259259,0.32389107997796746,0.22967651042332377,949533,180648,0.8401601159460299,0.15983988405397012,23,27
213,exp_18_LNP_CR.czi,9,3846929,71529981,25353175,1165287,534270,105935.18181818182,29681.666666666668,0.30291357079894116,0.1388822096794612,1018807,146480,0.874297061582254,0.12570293841774602,11,18
214,exp_18_LNP_CR.czi,10,5889906,76253107,26070755,2040369,1112999,145740.64285714287,61833.27777777778,0.34641792245920394,0.1889671923456843,1846850,193519,0.9051549009027289,0.09484509909727114,14,18
215,exp_18_LNP_CR.czi,11,4998175,86383844,23280660,1056313,409471,70420.86666666667,19498.619047619046,0.21133973900473674,0.08192410229733853,905455,150858,0.8571843762218206,0.14281562377817938,15,21
216,exp_19_cellonlynostain_np.czi,0,105664,1494384,1939700,0,0,,,0.0,0.0,0,0,,,0,0
217,exp_19_cellonlynostain_np.czi,1,124994,1518380,2368347,0,0,,,0.0,0.0,0,0,,,0,0
218,exp_19_cellonlynostain_np.czi,2,214688,1766842,3854518,0,0,,,0.0,0.0,0,0,,,0,0
219,exp_19_cellonlynostain_np.czi,3,143514,1582090,2402731,0,1711,,1711.0,0.0,0.011922181808046602,0,0,,,0,1
220,exp_19_cellonlynostain_np.czi,4,115070,1488622,2377676,0,0,,,0.0,0.0,0,0,,,0,0
221,exp_19_cellonlynostain_np.czi,5,202600,1710016,3867688,0,0,,,0.0,0.0,0,0,,,0,0
222,exp_19_cellonlynostain_np.czi,6,136338,1526654,2698969,0,0,,,0.0,0.0,0,0,,,0,0
223,exp_19_cellonlynostain_np.czi,7,137266,1545230,2777992,0,0,,,0.0,0.0,0,0,,,0,0
224,exp_19_cellonlynostain_np.czi,8,201722,1722314,3807063,0,0,,,0.0,0.0,0,0,,,0,0
225,exp_19_cellonlynostain_np.czi,9,133666,1547864,2438486,0,0,,,0.0,0.0,0,0,,,0,0
226,exp_19_cellonlynostain_np.czi,10,154664,1573350,2867838,0,0,,,0.0,0.0,0,0,,,0,0
227,exp_19_cellonlynostain_np.czi,11,214254,1731918,4027272,0,0,,,0.0,0.0,0,0,,,0,0
228,exp_20_LNP_APOE.czi,0,7053685,29491169,29711145,4759080,2855945,164106.2068965517,86543.78787878787,0.674694149228382,0.40488694916203377,4049958,709122,0.8509959908217555,0.14900400917824452,29,33
229,exp_20_LNP_APOE.czi,1,8235838,37402038,44461307,6202374,4131246,364845.5294117647,165249.84,0.7530956776954574,0.501618171702746,5506278,696096,0.8877694250620811,0.11223057493791894,17,25
230,exp_20_LNP_APOE.czi,2,8772549,44323856,38969826,6700085,4275292,304549.3181818182,171011.68,0.7637557795345458,0.48734888799139225,5804521,895564,0.8663354270878653,0.1336645729121347,22,25
231,exp_20_LNP_APOE.czi,3,8783874,38002696,46195480,6796936,4172416,271877.44,130388.0,0.7737970740472826,0.4750086351420797,6043235,753701,0.8891116526623173,0.11088834733768274,25,32
232,exp_20_LNP_APOE.czi,4,9476917,42008191,51961565,7612650,4465050,507510.0,186043.75,0.8032833884690559,0.47115005861083303,6943170,669480,0.9120569052826545,0.08794309471734547,15,24
233,exp_20_LNP_APOE.czi,5,6731455,34993659,33406845,4747050,2675540,279238.23529411765,102905.38461538461,0.7052041497714833,0.39746830365797586,3994074,752976,0.8413802256138022,0.15861977438619773,17,26
234,exp_20_LNP_APOE.czi,6,9682947,35409391,42485981,7603539,4980520,362073.28571428574,199220.8,0.7852505027653255,0.5143599360814429,6632732,970807,0.8723216912545593,0.12767830874544078,21,25
235,exp_20_LNP_APOE.czi,7,11021689,42830953,52935546,8867139,5296914,554196.1875,196182.0,0.8045172568378585,0.4805900438671423,7574061,1293078,0.8541719036997164,0.14582809630028357,16,27
236,exp_20_LNP_APOE.czi,8,9687596,38394529,35115949,7551104,4571118,314629.3333333333,190463.25,0.7794610757921779,0.4718526660277741,6188707,1362397,0.8195764486888275,0.18042355131117252,24,24
237,exp_20_LNP_APOE.czi,9,8454766,40877702,48366905,6561826,4061302,345359.2631578947,150418.59259259258,0.7761097113746258,0.4803565231728471,5751393,810433,0.8764927628376613,0.12350723716233865,19,27
238,exp_20_LNP_APOE.czi,10,8549777,37246725,41964807,6489814,3962176,341569.15789473685,188675.04761904763,0.759062370866515,0.4634244846386052,5574380,915434,0.8589429527564272,0.14105704724357276,19,21
239,exp_20_LNP_APOE.czi,11,5372146,36861912,40513749,3312427,2236784,118300.96428571429,89471.36,0.6165928848545814,0.41636694162816873,2430294,882133,0.7336898292400105,0.2663101707599896,28,25
240,exp_21_cellonly_APOE.czi,0,249026,17016467,33498534,77779,75280,3381.695652173913,3011.2,0.3123328487788424,0.30229775204195547,48964,28815,0.6295272502860669,0.37047274971393307,23,25
241,exp_21_cellonly_APOE.czi,1,323174,18356504,33835996,89400,83766,3725.0,2792.2,0.276631164635769,0.25919783150872283,49791,39609,0.5569463087248322,0.4430536912751678,24,30
242,exp_21_cellonly_APOE.czi,2,426990,26096710,32964801,91571,102383,3815.4583333333335,4451.434782608696,0.214457013044802,0.23977844914400806,53304,38267,0.5821056884821614,0.4178943115178386,24,23
243,exp_21_cellonly_APOE.czi,3,285189,30215242,39283976,129849,86652,4809.222222222223,3094.714285714286,0.45530858483321585,0.30384061096325593,93523,36326,0.7202442837449653,0.2797557162550347,27,28
244,exp_21_cellonly_APOE.czi,4,413910,37830132,51245632,189522,132078,8240.08695652174,5079.923076923077,0.4578821482931072,0.3190983547147931,134538,54984,0.7098806471016558,0.29011935289834423,23,26
245,exp_21_cellonly_APOE.czi,5,463435,27321667,35496160,134766,104353,5183.307692307692,3726.8928571428573,0.29079806229568333,0.22517289371756558,90149,44617,0.6689298487749136,0.33107015122508643,26,28
246,exp_21_cellonly_APOE.czi,6,266126,24590946,41966127,113407,82492,4930.739130434783,3586.608695652174,0.42614024935556843,0.3099734712128841,80029,33378,0.7056795435907837,0.29432045640921634,23,23
247,exp_21_cellonly_APOE.czi,7,405068,30193284,46844896,154953,112883,5343.206896551724,3892.5172413793102,0.38253577177165315,0.2786766666337504,103982,50971,0.6710550941253154,0.32894490587468456,29,29
248,exp_21_cellonly_APOE.czi,8,486948,22208359,24005928,118146,75132,4375.777777777777,2683.285714285714,0.24262549594617905,0.15429162867493038,75464,42682,0.6387351243376839,0.36126487566231613,27,28
249,exp_21_cellonly_APOE.czi,9,294043,30886992,48684478,136637,100796,6210.772727272727,3876.769230769231,0.46468373673238267,0.342793400965165,98360,38277,0.7198635801430067,0.28013641985699334,22,26
250,exp_21_cellonly_APOE.czi,10,416350,35081433,35195856,112319,97129,4011.3928571428573,4047.0416666666665,0.2697706256755134,0.23328689804251232,70705,41614,0.6295016871588957,0.37049831284110435,28,24
251,exp_21_cellonly_APOE.czi,11,483616,13651698,17084080,60798,69594,4053.2,4093.764705882353,0.12571544365777806,0.14390342751273738,40481,20317,0.6658278232836606,0.33417217671633936,15,17
252,exp_22_LNP_APOE.czi,0,8974088,36146537,52854595,6879966,5203370,312725.7272727273,247779.52380952382,0.7666479312438211,0.5798215930131284,6074483,805483,0.8829234039819382,0.11707659601806172,22,21
253,exp_22_LNP_APOE.czi,1,6377855,31199195,41019725,4379538,2982464,218976.9,149123.2,0.6866788285403165,0.4676280661758538,3860789,518749,0.8815516613852876,0.11844833861471232,20,20
254,exp_22_LNP_APOE.czi,2,4076598,21814280,26755458,2007678,1652883,118098.70588235294,75131.04545454546,0.4924885897505714,0.40545646149068415,1575768,431910,0.7848708806890348,0.2151291193109652,17,22
255,exp_22_LNP_APOE.czi,3,3592942,15056185,20839506,1649900,1155320,97052.94117647059,57766.0,0.4592058541440413,0.321552644044908,1429240,220660,0.8662585611249166,0.13374143887508333,17,20
256,exp_22_LNP_APOE.czi,4,3828332,18492818,24128804,1899981,1193500,158331.75,79566.66666666667,0.4962947309689964,0.31175457092018144,1614119,285862,0.8495448112375861,0.15045518876241393,12,15
257,exp_22_LNP_APOE.czi,5,5636715,40865624,33458684,3664265,2630857,140933.26923076922,87695.23333333334,0.6500710076702476,0.4667358559018861,2992872,671393,0.8167728043686797,0.18322719563132034,26,30
258,exp_22_LNP_APOE.czi,6,4032115,26638996,47285807,2100359,1654524,95470.86363636363,59090.142857142855,0.5209075137985896,0.41033651073940103,1713311,387048,0.8157229311750991,0.18427706882490089,22,28
259,exp_22_LNP_APOE.czi,7,3105888,23764322,29341243,1317699,993680,82356.1875,62105.0,0.42425837634840663,0.3199342667861816,1098882,218817,0.833940072808737,0.16605992719126295,16,16
260,exp_22_LNP_APOE.czi,8,3003938,18841813,22641621,1195022,879164,54319.181818181816,39962.0,0.39781846363007495,0.2926704878729188,886504,308518,0.7418306943303136,0.25816930566968643,22,22
261,exp_22_LNP_APOE.czi,9,8565912,42656929,57247019,6335692,5013671,243680.46153846153,167122.36666666667,0.7396400990344052,0.5853049856220797,5577930,757762,0.8803979107570254,0.11960208924297457,26,30
262,exp_22_LNP_APOE.czi,10,5314765,23402501,30191487,3294120,2153077,235294.2857142857,119615.38888888889,0.6198053912073253,0.4051123615061061,2859259,434861,0.867988719293772,0.13201128070622806,14,18
263,exp_22_LNP_APOE.czi,11,4278584,20700602,27751281,2052080,1656946,128255.0,69039.41666666667,0.4796166208259555,0.38726503908769816,1608839,443241,0.784004034930412,0.21599596506958793,16,24
264,exp_22_LNP_APOE.czi,12,7491106,40533043,36431692,5600029,3703331,350001.8125,148133.24,0.7475570363041185,0.49436371611882146,5202955,397074,0.9290942957616827,0.07090570423831734,16,25
265,exp_22_LNP_APOE.czi,13,8465005,40001743,47437948,6485962,3949050,405372.625,197452.5,0.7662088799711282,0.4665147864649814,5834195,651767,0.8995111288040232,0.10048887119597678,16,20
266,exp_22_LNP_APOE.czi,14,5412930,38074845,44597997,3443716,1673434,143488.16666666666,59765.5,0.6362018352352607,0.3091549308784706,2864662,579054,0.83185198779458,0.16814801220541997,24,28
267,exp_22_LNP_APOE.czi,15,3636554,20526135,21997865,1730190,1066608,96121.66666666667,59256.0,0.47577734305609104,0.2933018456483803,1504932,225258,0.8698073621972153,0.13019263780278467,18,18
268,exp_22_LNP_APOE.czi,16,4405880,32627120,48025260,2576323,2014806,135595.94736842104,100740.3,0.5847465205588895,0.4572993363414346,2170220,406103,0.8423710846815403,0.15762891531845968,19,20
269,exp_22_LNP_APOE.czi,17,3119008,23384259,22695671,1230839,1115532,76927.4375,55776.6,0.3946251500477075,0.3576560239665945,965414,265425,0.7843544119092749,0.2156455880907251,16,20
270,exp_22_LNP_APOE.czi,18,2867187,18863212,17725375,915034,509605,61002.26666666667,29976.764705882353,0.31913997935956046,0.17773692472796507,798617,116417,0.8727730335703373,0.12722696642966272,15,17
271,exp_22_LNP_APOE.czi,19,3827168,27210785,26159752,1834326,759493,183432.6,63291.083333333336,0.47929069222986814,0.19844778175402805,1650985,183341,0.9000499365979657,0.09995006340203431,10,12
272,exp_22_LNP_APOE.czi,20,3333990,28056546,26735846,1527396,836409,76369.8,44021.52631578947,0.45812854867591085,0.250873277964241,1251513,275883,0.8193769002930478,0.18062309970695223,20,19
273,exp_22_LNP_APOE.czi,21,6861368,34803144,40120679,4896645,3690227,204026.875,147609.08,0.7136543324887982,0.5378267132735046,4252020,644625,0.8683537401629075,0.13164625983709255,24,25
274,exp_22_LNP_APOE.czi,22,6343960,40271841,47273204,4421296,2721118,200968.0,104658.38461538461,0.6969299932534253,0.4289305102806449,3904245,517051,0.8830544256706631,0.11694557432933692,22,26
275,exp_22_LNP_APOE.czi,23,3930198,30461968,34645310,2022578,1333973,118975.17647058824,63522.52380952381,0.5146249629153544,0.33941623297350415,1651706,370872,0.8166340185644262,0.1833659814355738,17,21
