,Filename,Scene ID,Total LNP intensity in entire img,Total membrane intensity in entire img,Total nucleus intensity in entire img,LNP intensity in membrane mask,LNP intensity in nucleus mask,LNP intensity in inner membrane mask,LNP intensity in outer membrane mask,LNP intensity in membrane mask per membrane count,LNP intensity in nucleus mask per nucleus count,Frac LNP intensity in membrane mask over total LNP intensity,Frac LNP intensity in nucleus mask over total LNP intensity,Frac LNP intensity in membrane inner mask over LNP intensity in membrane mask,Frac LNP intensity in membrane outer mask over LNP intensity in membrane mask,Membrane count,Nucleus count
0,exp_1_LNP_np.czi,0,2170517,11580895,4113451,624600,266930,526313,98287,36741.17647058824,10677.2,0.2877655415737357,0.1229799167663741,0.8426400896573807,0.1573599103426192,17,25
1,exp_1_LNP_np.czi,1,2476863,24007616,6643688,985501,413434,862317,123184,65700.06666666667,11812.4,0.3978827250437347,0.1669183963747692,0.8750036783321377,0.1249963216678623,15,35
2,exp_1_LNP_np.czi,2,2585159,26000585,8196553,1111874,406750,966088,145786,65404.35294117647,10429.48717948718,0.4300988836663431,0.1573404189065353,0.8688826251895448,0.1311173748104551,17,39
3,exp_1_LNP_np.czi,3,2310328,30273606,13382576,873337,493467,749241,124096,43666.85,12653.0,0.3780142906115495,0.2135917497428936,0.8579059400895646,0.1420940599104355,20,39
4,exp_1_LNP_np.czi,4,2619181,32926922,8799630,1145704,523455,1021918,123786,104154.90909090907,14540.416666666666,0.4374283411493898,0.1998544583211317,0.8919563866408776,0.1080436133591224,11,36
5,exp_1_LNP_np.czi,5,2474903,26636551,9343210,968417,372403,862379,106038,48420.85,10640.085714285717,0.3912949315589338,0.150471755862755,0.8905037809125614,0.1094962190874385,20,35
6,exp_1_LNP_np.czi,6,2177759,43811161,8693977,864958,368752,735689,129269,54059.875,6469.333333333333,0.3971780164839176,0.1693263579670661,0.8505488127747243,0.1494511872252756,16,57
7,exp_1_LNP_np.czi,7,2069983,37435238,9491611,527037,188681,432198,94839,35135.8,6506.241379310345,0.2546093373713697,0.0911509901289044,0.8200524820838005,0.1799475179161994,15,29
8,exp_1_LNP_np.czi,8,2118248,31643437,9556479,537305,224546,433405,103900,26865.25,6415.6,0.2536553793512374,0.1060055290976316,0.8066275206819218,0.1933724793180782,20,35
9,exp_1_LNP_np.czi,9,2604273,36780775,11010529,1029023,504563,887171,141852,49001.09523809524,12306.414634146342,0.3951286981049989,0.1937442810335168,0.8621488538157067,0.1378511461842932,21,41
10,exp_1_LNP_np.czi,10,2895262,40885202,8336273,949966,504651,774180,175786,49998.21052631579,21941.347826086956,0.3281105475083084,0.1743023602009075,0.8149554826172726,0.1850445173827273,19,23
11,exp_1_LNP_np.czi,11,2359975,43211819,27694971,1003171,533396,850462,152709,50158.55,15688.117647058823,0.4250769605610229,0.2260176484920391,0.8477737095669632,0.1522262904330368,20,34
12,exp_2_cellonly_np.czi,0,156052,19896119,6028621,52269,22528,45351,6918,3074.6470588235293,834.3703703703703,0.3349460436264835,0.1443621356983569,0.8676462147735752,0.1323537852264248,17,27
13,exp_2_cellonly_np.czi,1,157972,11776811,3560307,20142,7322,16851,3291,4028.4,1464.4,0.1275036082343706,0.0463499860734813,0.8366100685135538,0.1633899314864462,5,5
14,exp_2_cellonly_np.czi,2,216612,15182644,7296585,60728,22445,51821,8907,4337.714285714285,701.40625,0.2803538123464997,0.1036184514246671,0.8533296008431037,0.1466703991568963,14,32
15,exp_2_cellonly_np.czi,3,168764,38868703,14045537,67809,42751,57729,10080,3568.8947368421054,1644.2692307692307,0.4017977767770377,0.2533182432272285,0.8513471663053577,0.1486528336946423,19,26
16,exp_2_cellonly_np.czi,4,212956,31815742,21105721,80765,41621,68368,12397,4250.789473684211,1387.3666666666666,0.3792567478728,0.1954441293037059,0.8465052931344023,0.1534947068655977,19,30
17,exp_2_cellonly_np.czi,5,269898,27755090,15624949,101991,42629,87777,14214,5099.55,1039.7317073170732,0.3778872018318031,0.1579448532408539,0.860634761890755,0.1393652381092449,20,41
18,exp_2_cellonly_np.czi,6,189610,27192440,11878983,84903,50765,68946,15957,3537.625,1153.75,0.4477770159801698,0.2677337693159643,0.8120561110914809,0.1879438889085191,24,44
19,exp_2_cellonly_np.czi,7,205730,27963809,10238963,73842,34996,64075,9767,3886.4210526315783,1458.1666666666667,0.3589267486511447,0.1701064502017207,0.8677311015411283,0.1322688984588716,19,24
20,exp_2_cellonly_np.czi,8,249014,14851942,9853107,55035,22893,46421,8614,3439.6875,847.8888888888889,0.2210116700265848,0.0919345900230509,0.8434814209139638,0.1565185790860361,16,27
21,exp_2_cellonly_np.czi,9,207114,52251745,13876390,111350,53327,98515,12835,6186.111111111111,1045.6274509803925,0.5376266210879033,0.2574765588033643,0.8847328244274809,0.115267175572519,18,51
22,exp_2_cellonly_np.czi,10,232762,28933032,12494333,67870,35832,59109,8761,4847.857142857143,1628.7272727272727,0.2915853962416546,0.1539426538696179,0.8709149845292471,0.1290850154707529,14,22
23,exp_2_cellonly_np.czi,11,270286,28398445,16181330,83048,41012,71057,11991,3954.6666666666665,1464.7142857142858,0.3072597174844424,0.1517355689898848,0.8556136210384356,0.1443863789615644,21,28
24,exp_3_LNP_VTN.czi,0,5446933,12684475,14291032,3530588,1574652,2908805,621783,168123.2380952381,54298.34482758621,0.6481790761883798,0.2890896583453477,0.8238868426449079,0.1761131573550921,21,29
25,exp_3_LNP_VTN.czi,1,4670861,19237464,14612950,2801051,1236186,2309343,491708,164767.70588235295,47545.61538461538,0.5996862248737438,0.2646591281564576,0.8244558917349237,0.1755441082650762,17,26
26,exp_3_LNP_VTN.czi,2,3390824,11095102,12799443,1552364,617323,1176904,375460,73922.09523809524,17147.86111111111,0.4578132041061405,0.1820569277556133,0.7581366225962468,0.2418633774037532,21,36
27,exp_3_LNP_VTN.czi,3,6628228,16569751,14228546,4542745,2101869,3980944,561801,302849.6666666667,70062.3,0.685363418397798,0.3171087355474193,0.876330060348974,0.1236699396510259,15,30
28,exp_3_LNP_VTN.czi,4,6459415,16478763,27178584,4318903,2004615,3507417,811486,227310.68421052632,83525.625,0.6686213844442569,0.3103400230516231,0.8121083062064604,0.1878916937935397,19,24
29,exp_3_LNP_VTN.czi,5,4881210,8184920,13085441,2694324,1167970,2120497,573827,134716.2,43258.148148148146,0.551978710196857,0.2392787853831324,0.7870237580929391,0.2129762419070609,20,27
30,exp_3_LNP_VTN.czi,6,6850462,6097103,20798827,3800613,2229956,2955058,845555,200032.26315789475,82590.96296296296,0.554796596200373,0.3255190671811623,0.777521415624269,0.2224785843757309,19,27
31,exp_3_LNP_VTN.czi,7,5422870,6016900,18180522,2895502,1622518,2278675,616827,160861.22222222222,77262.76190476191,0.5339427277437961,0.2991991325626467,0.7869706185663142,0.2130293814336857,18,21
32,exp_3_LNP_VTN.czi,8,4025352,3632064,19409424,1460802,1225977,1019437,441365,69562.0,58379.857142857145,0.3629004370301032,0.3045639238506347,0.6978611748888625,0.3021388251111376,21,21
33,exp_3_LNP_VTN.czi,9,7290660,22517352,16115121,4556660,2221459,3857178,699482,268038.82352941175,105783.76190476192,0.6249996570955167,0.3046993002005305,0.8464923869676474,0.1535076130323526,17,21
34,exp_3_LNP_VTN.czi,10,6366783,18153770,21601578,3937815,1980547,3191252,746563,218767.5,86110.73913043478,0.6184936725501717,0.3110749965877586,0.8104118654634613,0.1895881345365386,18,23
35,exp_3_LNP_VTN.czi,11,4888455,10152365,11413641,2605372,1108292,2214443,390929,118426.0,41047.851851851854,0.5329643005816767,0.2267162119729035,0.8499527130866533,0.1500472869133467,22,27
36,exp_4_cellonly_VTN.czi,0,187178,13016910,21286056,78323,45705,66634,11689,4895.1875,1202.7631578947369,0.4184412698073491,0.2441793373152827,0.8507590362984053,0.1492409637015946,16,38
37,exp_4_cellonly_VTN.czi,1,223638,8689859,17570148,59948,38717,50070,9878,3330.4444444444443,1935.85,0.2680582012001538,0.1731235299904309,0.8352238606792554,0.1647761393207446,18,20
38,exp_4_cellonly_VTN.czi,2,370046,12128147,16972408,93120,52235,75800,17320,4232.727272727273,1801.2068965517242,0.2516443901568994,0.1411581262870021,0.8140034364261168,0.1859965635738831,22,29
39,exp_4_cellonly_VTN.czi,3,223121,21031564,21719770,109397,54343,95196,14201,5469.85,1646.7575757575758,0.4903034676251899,0.2435584279382039,0.8701883963911259,0.1298116036088741,20,33
40,exp_4_cellonly_VTN.czi,4,303674,28351127,19933273,103784,48271,89637,14147,6918.933333333333,2011.2916666666667,0.3417612307935483,0.158956644296186,0.8636880443999075,0.1363119556000925,15,24
41,exp_4_cellonly_VTN.czi,5,407870,15554903,14246290,109206,56433,87786,21420,4044.6666666666665,1567.5833333333333,0.2677470762743031,0.1383602618481378,0.8038569309378606,0.1961430690621394,27,36
42,exp_4_cellonly_VTN.czi,6,268226,17326236,24321286,103911,53749,89884,14027,7422.214285714285,1580.8529411764705,0.3874009231021601,0.2003869870929738,0.8650094792659102,0.1349905207340897,14,34
43,exp_4_cellonly_VTN.czi,7,371706,16957514,19451437,98986,54261,81608,17378,6599.066666666667,2260.875,0.2663018622244462,0.1459782731513615,0.824439819772493,0.1755601802275069,15,24
44,exp_4_cellonly_VTN.czi,8,413720,8145775,12099235,83291,47851,68061,15230,4627.277777777777,1914.04,0.2013221502465435,0.1156603499951658,0.817147110732252,0.182852889267748,18,25
45,exp_4_cellonly_VTN.czi,9,303921,23693335,21441034,111079,63354,93533,17546,5049.045454545455,2262.6428571428573,0.3654864257487966,0.2084554867876849,0.842040349661052,0.1579596503389479,22,28
46,exp_4_cellonly_VTN.czi,10,416596,20146982,21034539,103099,72262,82321,20778,5154.95,3441.0476190476193,0.247479572535502,0.1734582185138599,0.7984655525271827,0.2015344474728174,20,21
47,exp_4_cellonly_VTN.czi,11,495677,13148513,14467597,119940,64723,100269,19671,7055.294117647059,2696.7916666666665,0.241972090696159,0.1305749510265757,0.8359929964982491,0.1640070035017508,17,24
48,exp_5_LNP_A2M.czi,0,2244914,35447345,10169256,838020,412425,749923,88097,49295.294117647056,13747.5,0.3732971508039951,0.1837152781799213,0.8948748239898809,0.105125176010119,17,30
49,exp_5_LNP_A2M.czi,1,2608783,58913316,15137088,1149649,610991,1028597,121052,71853.0625,21821.10714285714,0.4406840277631371,0.2342053746900374,0.8947052535165081,0.1052947464834919,16,28
50,exp_5_LNP_A2M.czi,2,2225357,49541615,12879305,807962,361419,704746,103216,44886.77777777778,13385.888888888889,0.3630707342687038,0.1624094471134294,0.8722514177646968,0.1277485822353031,18,27
51,exp_5_LNP_A2M.czi,3,2053729,44971576,20051699,833532,479575,725275,108257,39692.0,17127.678571428572,0.405862701456716,0.2335142562626325,0.870122562781033,0.129877437218967,21,28
52,exp_5_LNP_A2M.czi,4,2565143,58432022,33806761,1375980,851286,1227874,148106,80940.0,30403.071428571428,0.5364145390724806,0.331866878376761,0.8923632610939113,0.1076367389060887,17,28
53,exp_5_LNP_A2M.czi,5,1899127,45662769,22640754,812678,506993,688623,124055,40633.9,16354.612903225809,0.4279218820015723,0.2669610826448152,0.8473503650892481,0.1526496349107518,20,31
54,exp_5_LNP_A2M.czi,6,2980420,103900202,22601701,1706705,907754,1513567,193138,94816.94444444444,22140.341463414636,0.5726390911348065,0.30457250991471,0.8868357449002611,0.1131642550997389,18,41
55,exp_5_LNP_A2M.czi,7,2884589,92604568,19240529,1190201,485847,1012380,177821,66122.27777777778,16194.9,0.4126067873100812,0.1684285005593518,0.8505958237306136,0.1494041762693864,18,30
56,exp_5_LNP_A2M.czi,8,2125700,66605371,15517025,770471,315159,664094,106377,55033.642857142855,11255.67857142857,0.3624551912311238,0.1482612786376252,0.8619325062202211,0.1380674937797788,14,28
57,exp_5_LNP_A2M.czi,9,2442955,35474249,19764759,892611,561207,757532,135079,52506.529411764706,22448.28,0.3653816791549578,0.2297246572286432,0.8486698012908198,0.1513301987091801,17,25
58,exp_5_LNP_A2M.czi,10,2345982,44794507,18569894,778974,481522,654664,124310,37094.0,18520.07692307692,0.3320460259285877,0.2052539192542824,0.840418293806982,0.159581706193018,21,26
59,exp_5_LNP_A2M.czi,11,1654898,16677019,11703663,522256,303340,459918,62338,34817.066666666666,12639.166666666666,0.3155819875303493,0.1832983059983153,0.8806370821972366,0.1193629178027634,15,24
60,exp_6_cellonly_A2M.czi,0,195132,39827497,16777913,62576,30589,53055,9521,4171.733333333334,1456.6190476190477,0.3206854846975381,0.1567605518315806,0.847849015597034,0.1521509844029659,15,21
61,exp_6_cellonly_A2M.czi,1,266832,56490838,16776901,85687,54663,69357,16330,4760.388888888889,2186.52,0.3211271511662769,0.2048592372728908,0.8094226662154119,0.1905773337845881,18,25
62,exp_6_cellonly_A2M.czi,2,375946,63578236,16473224,122680,54983,103511,19169,5841.9047619047615,1570.942857142857,0.3263234613481723,0.1462523873109436,0.8437479621780242,0.1562520378219758,21,35
63,exp_6_cellonly_A2M.czi,3,208700,61481507,27043281,105866,59747,95734,10132,6227.411764705882,1927.3225806451612,0.5072640153330139,0.2862817441303306,0.904294107645514,0.0957058923544858,17,31
64,exp_6_cellonly_A2M.czi,4,297428,67770188,21868966,112526,55963,97547,14979,7501.733333333334,2152.423076923077,0.3783302177333674,0.1881564613956991,0.8668840978973749,0.1331159021026251,15,26
65,exp_6_cellonly_A2M.czi,5,428902,51531504,17007746,133656,81002,110003,23653,5346.24,2531.3125,0.3116236343034073,0.1888589934297345,0.8230307655473753,0.1769692344526246,25,32
66,exp_6_cellonly_A2M.czi,6,237649,69320312,26524140,97450,54122,81372,16078,4236.95652173913,1424.2631578947369,0.4100585317001123,0.2277392288627345,0.8350128270908158,0.1649871729091842,23,38
67,exp_6_cellonly_A2M.czi,7,342162,35888834,18544645,84672,54336,66998,17674,4032.0,2173.44,0.2474617286548477,0.1588019709961947,0.7912651171579743,0.2087348828420257,21,25
68,exp_6_cellonly_A2M.czi,8,428140,39243800,18173373,116377,69106,95023,21354,4849.041666666667,1974.4571428571428,0.2718199654318681,0.1614098192180128,0.8165101351641647,0.1834898648358352,24,35
69,exp_6_cellonly_A2M.czi,9,225520,43938837,18841046,65393,39119,56212,9181,6539.3,1862.809523809524,0.289965413267116,0.1734613338063143,0.8596027097701588,0.1403972902298411,10,21
70,exp_6_cellonly_A2M.czi,10,347900,46793437,25511327,93870,48270,81256,12614,5866.875,2098.695652173913,0.2698189134808853,0.1387467663121586,0.8656226696495153,0.1343773303504847,16,23
71,exp_6_cellonly_A2M.czi,11,473804,17086105,11975012,66118,39766,52959,13159,3479.8947368421054,1988.3,0.1395471545195903,0.0839292196773349,0.8009770410478236,0.1990229589521764,19,20
72,exp_7_LNP_CR.czi,0,3511068,93213379,20993968,1685221,1128594,1376324,308897,93623.38888888888,29699.842105263157,0.4799738996795277,0.3214389467820048,0.8167023790944926,0.1832976209055073,18,38
73,exp_7_LNP_CR.czi,1,3119460,100086332,18247201,1224279,642878,1063150,161129,68015.5,24726.07692307692,0.3924650420265045,0.2060863098100312,0.8683886597744468,0.1316113402255531,18,26
74,exp_7_LNP_CR.czi,2,3420860,59964721,12560640,1093214,582377,919976,173238,64306.705882352944,22399.115384615383,0.3195728559485041,0.170242862905819,0.8415333136970438,0.1584666863029562,17,26
75,exp_7_LNP_CR.czi,3,3196746,61171131,23314506,1098183,749439,876334,221849,47747.086956521736,23419.96875,0.3435315161104448,0.2344380817243534,0.7979853995190237,0.2020146004809763,23,32
76,exp_7_LNP_CR.czi,4,2720375,71182961,22968920,549655,365805,422660,126995,28929.21052631579,15241.875,0.2020511877958002,0.1344685934843541,0.7689550718177766,0.2310449281822233,19,24
77,exp_7_LNP_CR.czi,5,2406112,51358885,15781506,655875,376926,525618,130257,43725.0,17948.85714285714,0.2725870616164169,0.1566535556117088,0.8013996569468268,0.1986003430531732,15,21
78,exp_7_LNP_CR.czi,6,3265441,51337354,20273030,778806,463324,644339,134467,40989.78947368421,15444.133333333331,0.2384994859806072,0.1418871141753901,0.8273421108722839,0.172657889127716,19,30
79,exp_7_LNP_CR.czi,7,2523553,52159324,16855809,520973,283034,445699,75274,43414.416666666664,15724.111111111111,0.2064442474558687,0.1121569469711949,0.8555126657235596,0.1444873342764404,12,18
80,exp_7_LNP_CR.czi,8,2253021,28868995,14603550,474695,342201,380480,94215,29668.4375,17110.05,0.2106926655366283,0.1518854018670931,0.8015251898587514,0.1984748101412486,16,20
81,exp_7_LNP_CR.czi,9,3308817,33956718,25101336,1174411,965869,942425,231986,69083.0,41994.30434782609,0.3549338026249261,0.2919076515866546,0.8024660872556542,0.1975339127443459,17,23
82,exp_7_LNP_CR.czi,10,2525645,31540655,21257869,463093,455999,375185,87908,25727.38888888889,30399.933333333334,0.1833563307590734,0.1805475433008201,0.81017203887772,0.1898279611222799,18,15
83,exp_7_LNP_CR.czi,11,2352369,11075694,12640753,521343,381219,452043,69300,30667.235294117647,20064.157894736843,0.2216246685787816,0.1620574833285084,0.8670740759921971,0.1329259240078029,17,19
84,exp_8_cellonly_CR.czi,0,236752,76593675,21478663,101405,61035,84870,16535,4408.913043478261,1849.5454545454545,0.4283173954179901,0.2578014124484692,0.8369409792416548,0.1630590207583452,23,33
85,exp_8_cellonly_CR.czi,1,335540,93531569,28528180,149898,65748,124391,25507,6813.545454545455,1643.7,0.4467366036836144,0.195946831972343,0.8298376229169169,0.1701623770830831,22,40
86,exp_8_cellonly_CR.czi,2,381552,62295886,16521661,113531,41418,94321,19210,5676.55,1479.2142857142858,0.297550530465048,0.1085513901119637,0.8307951132289859,0.169204886771014,20,28
87,exp_8_cellonly_CR.czi,3,192278,43209954,15707630,66124,33847,54962,11162,4723.142857142857,1353.88,0.3438978978354258,0.1760315792758401,0.8311959349101687,0.1688040650898312,14,25
88,exp_8_cellonly_CR.czi,4,302116,58240502,17472669,99763,52375,87960,11803,5868.411764705882,2494.0476190476193,0.3302142223516794,0.1733605634921685,0.8816896043623388,0.1183103956376612,17,21
89,exp_8_cellonly_CR.czi,5,409440,55433796,18680964,160170,75232,134589,25581,10678.0,2033.2972972972973,0.3911928487690504,0.1837436498632278,0.8402884435287507,0.1597115564712493,15,37
90,exp_8_cellonly_CR.czi,6,219557,51616453,24216908,94841,60110,78162,16679,4310.954545454545,2072.7586206896553,0.4319652755320942,0.2737785631977117,0.8241372402231103,0.1758627597768897,22,29
91,exp_8_cellonly_CR.czi,7,347094,55240796,22519315,102650,54702,85581,17069,6038.235294117647,2486.4545454545455,0.2957412113145142,0.1575999585126795,0.8337165124208475,0.1662834875791524,17,22
92,exp_8_cellonly_CR.czi,8,427117,34133536,16197177,119541,62314,100008,19533,5692.428571428572,2307.925925925926,0.2798788154065513,0.1458944504667339,0.8365999949808016,0.1634000050191984,21,27
93,exp_8_cellonly_CR.czi,9,219608,41742649,28464270,82737,51537,69504,13233,3760.772727272727,1717.9,0.3767485701795927,0.2346772430876835,0.8400594655353711,0.1599405344646289,22,30
94,exp_8_cellonly_CR.czi,10,371148,53781024,23154415,85329,55227,66511,18818,4740.5,2510.318181818182,0.2299055902227682,0.1488004785153092,0.779465363475489,0.220534636524511,18,22
95,exp_8_cellonly_CR.czi,11,471885,21822960,16223493,103326,74323,84294,19032,4920.285714285715,3096.7916666666665,0.2189643663180648,0.1575023575659323,0.8158062830265373,0.1841937169734626,21,24
96,exp_9_cellonly_np.czi,0,194888,59885672,20349797,92070,68326,76752,15318,3682.8,2204.064516129032,0.4724251878001724,0.3505911087393785,0.8336265884652981,0.1663734115347018,25,31
97,exp_9_cellonly_np.czi,1,249012,86675153,23176107,117460,68084,98118,19342,5339.090909090909,1791.6842105263158,0.4717041748992016,0.2734165421746743,0.8353311765707475,0.1646688234292525,22,38
98,exp_9_cellonly_np.czi,2,323802,50714951,16834842,87958,43503,74213,13745,5863.866666666667,1977.409090909091,0.271641311665771,0.1343506216762095,0.8437322358398327,0.1562677641601673,15,22
99,exp_9_cellonly_np.czi,3,229086,48434439,32318990,113143,112983,91473,21670,4351.653846153846,3895.965517241379,0.4938887579337017,0.4931903302689819,0.8084724640499191,0.1915275359500808,26,29
100,exp_9_cellonly_np.czi,4,192670,57435625,21983784,82343,49732,74765,7578,6334.076923076923,2260.5454545454545,0.4273784190584938,0.2581201017283438,0.9079703192742552,0.0920296807257447,13,22
101,exp_9_cellonly_np.czi,5,320912,84964490,26547914,125086,59900,109245,15841,8934.714285714286,2852.3809523809523,0.389782868823852,0.1866555317345565,0.8733591289193036,0.1266408710806965,14,21
102,exp_9_cellonly_np.czi,6,224264,70398196,21514628,105376,65575,83807,21569,4215.04,1821.5277777777776,0.4698747904255698,0.2924009203438804,0.7953139234740358,0.2046860765259641,25,36
103,exp_9_cellonly_np.czi,7,246154,68136991,19316748,100895,59656,85166,15729,6726.333333333333,2386.24,0.4098856813214491,0.2423523485297821,0.8441052579414242,0.1558947420585757,15,25
104,exp_9_cellonly_np.czi,8,314584,50023239,15377674,93772,40684,82658,11114,7213.2307692307695,1849.2727272727273,0.2980825471098339,0.1293263484474734,0.8814784797167599,0.1185215202832402,13,22
105,exp_9_cellonly_np.czi,9,255186,101058879,22586104,127449,75956,108432,19017,5793.136363636364,1947.5897435897436,0.4994357057205332,0.2976495575776101,0.8507873737730386,0.1492126262269613,22,39
106,exp_9_cellonly_np.czi,10,296092,111112719,20522049,118911,56981,103229,15682,7927.4,2035.0357142857144,0.4016015292544209,0.1924435648379557,0.8681198543448462,0.1318801456551538,15,28
107,exp_9_cellonly_np.czi,11,406096,160325111,22603051,156219,71338,131447,24772,7810.95,1928.054054054054,0.3846849020921161,0.1756678223868248,0.8414277392634699,0.1585722607365301,20,37
108,exp_10_LNP_np.czi,0,2075927,52272598,13883261,695152,385860,579726,115426,33102.47619047619,11024.57142857143,0.334863412827137,0.1858735880404272,0.8339557391764679,0.1660442608235321,21,35
109,exp_10_LNP_np.czi,1,1690169,7946635,4846405,77088,47670,64934,12154,38544.0,23835.0,0.04560964021941,0.0282042801636996,0.8423360315483603,0.1576639684516396,2,2
110,exp_10_LNP_np.czi,2,2494414,35160788,13974597,1195241,646856,1042164,153077,59762.05,22305.379310344822,0.4791670508584381,0.259321828694034,0.8719279208126227,0.1280720791873772,20,29
111,exp_10_LNP_np.czi,3,2961729,44039090,27321652,1124423,777245,942804,181619,44976.92,22860.147058823528,0.3796508728516349,0.2624294795371217,0.8384780460734084,0.1615219539265917,25,34
112,exp_10_LNP_np.czi,4,2104069,32938744,23064303,632774,352454,554283,78491,48674.92307692308,18550.21052631579,0.3007382362460546,0.1675106662376566,0.875957292809123,0.124042707190877,13,19
113,exp_10_LNP_np.czi,5,1746749,42732714,24826888,371882,237065,289073,82809,19572.736842105263,11288.809523809525,0.2128995064545621,0.1357178392545237,0.7773245276727564,0.2226754723272435,19,21
114,exp_10_LNP_np.czi,6,2854519,50521848,29610032,1214500,933251,962835,251665,60725.0,37330.04,0.4254657264498852,0.326938093598256,0.7927830382873611,0.2072169617126389,20,25
115,exp_10_LNP_np.czi,7,2356888,65960440,25327426,935823,535910,830248,105575,58488.9375,24359.545454545456,0.397058748655006,0.2273803422139703,0.8871848629495107,0.1128151370504892,16,22
116,exp_10_LNP_np.czi,8,2717156,65766388,26963360,1154389,761863,948894,205495,44399.57692307692,23808.21875,0.424851940779256,0.2803898635190618,0.8219880820070185,0.1780119179929815,26,32
117,exp_10_LNP_np.czi,9,2881560,73673793,20407894,1228318,716697,1074830,153488,72254.0,29862.375,0.4262684101667152,0.2487184025319618,0.8750421307837222,0.1249578692162778,17,24
118,exp_10_LNP_np.czi,10,3034809,106714354,26431210,1335950,800287,1158706,177244,70313.15789473684,27596.103448275862,0.440208922538453,0.263702592156541,0.8673273700363038,0.1326726299636962,19,29
119,exp_10_LNP_np.czi,11,2495349,50708201,16421587,857576,455684,709035,148541,38980.72727272727,16274.42857142857,0.3436697632275085,0.1826133338462876,0.8267896956071532,0.1732103043928468,22,28
120,exp_11_LNP_VTN.czi,0,7231688,32844959,29162688,4921170,3253601,4009178,911992,259008.94736842104,108453.36666666668,0.6805008733783869,0.4499089285931583,0.8146798423952027,0.1853201576047972,19,30
121,exp_11_LNP_VTN.czi,1,6631680,33974452,22648297,4183544,2220034,3363217,820327,321811.07692307694,116843.8947368421,0.6308422601814322,0.334761930611851,0.803915770934882,0.196084229065118,13,19
122,exp_11_LNP_VTN.czi,2,4425920,16290159,13580439,1532924,882997,1120123,412801,102194.93333333332,55187.3125,0.3463514930229195,0.1995058654471838,0.7307100678181044,0.2692899321818955,15,16
123,exp_11_LNP_VTN.czi,3,6649388,29634291,31056112,4192438,2537466,3446318,746120,349369.8333333333,120831.71428571428,0.6304998294579892,0.3816089540872032,0.8220319537223926,0.1779680462776074,12,21
124,exp_11_LNP_VTN.czi,4,4022479,24618574,14613423,825311,793916,594441,230870,91701.22222222222,113416.57142857143,0.2051747193708158,0.1973698308928399,0.7202630281190969,0.2797369718809031,9,7
125,exp_11_LNP_VTN.czi,5,5367007,24079363,20009042,2731645,2174579,1979518,752127,124165.68181818182,90607.45833333331,0.5089698970021839,0.4051753612395139,0.7246615134836335,0.2753384865163665,22,24
126,exp_11_LNP_VTN.czi,6,6900204,37830675,27869901,4554327,2757168,3767661,786666,267901.5882352941,119876.8695652174,0.6600278774366671,0.3995777516143001,0.8272706373521269,0.1727293626478731,17,23
127,exp_11_LNP_VTN.czi,7,5967831,26029551,19703016,3294380,1966952,2525092,769288,299489.0909090909,163912.66666666666,0.552023004672887,0.3295924432176447,0.7664847406795816,0.2335152593204184,11,12
128,exp_11_LNP_VTN.czi,8,6314825,28133990,20005143,3503423,2291671,2641695,861728,159246.5,99637.8695652174,0.554793363236511,0.3629033266955141,0.7540325561600755,0.2459674438399245,22,23
129,exp_11_LNP_VTN.czi,9,7519311,47445626,27417629,4979294,3010792,3957416,1021878,292899.64705882355,115799.69230769233,0.6622008319645244,0.4004079629104315,0.7947745202432313,0.2052254797567687,17,26
130,exp_11_LNP_VTN.czi,10,6800016,45820078,23091901,4006811,2108846,3203321,803490,286200.78571428574,117158.11111111112,0.5892355253281757,0.3101236820619245,0.799468954238171,0.200531045761829,14,18
131,exp_11_LNP_VTN.czi,11,5834455,26336153,16622277,2867574,1940628,2067213,800361,143378.7,88210.36363636363,0.4914896078554038,0.3326151285767051,0.7208926430494906,0.2791073569505093,20,22
132,exp_12_LNP_A2M.czi,0,2808397,57896844,26735065,1320100,780405,1126643,193457,60004.545454545456,21677.916666666668,0.470054625467838,0.277882720997067,0.8534527687296417,0.1465472312703583,22,36
133,exp_12_LNP_A2M.czi,1,2914024,96081475,34700187,1390522,922273,1124716,265806,66215.33333333333,38428.041666666664,0.4771827548434741,0.3164946479507375,0.8088444483438594,0.1911555516561406,21,24
134,exp_12_LNP_A2M.czi,2,2340452,56551632,17437805,618738,310434,490439,128299,34374.333333333336,11939.76923076923,0.2643668829781598,0.1326384817975331,0.7926440593595351,0.2073559406404649,18,26
135,exp_12_LNP_A2M.czi,3,2565274,57416351,26360770,984567,661183,802742,181825,51819.31578947369,25430.115384615383,0.3838057844892982,0.2577436172510227,0.8153249093256223,0.1846750906743776,19,26
136,exp_12_LNP_A2M.czi,4,2683677,56217161,22738291,1020141,571320,832629,187512,56674.5,24840.0,0.3801280854588685,0.2128870203083307,0.816190114895882,0.1838098851041179,18,23
137,exp_12_LNP_A2M.czi,5,2426975,46023270,22145088,877790,517997,706572,171218,39899.545454545456,19185.074074074073,0.3616806930438097,0.2134331832837173,0.8049442349536905,0.1950557650463094,22,27
138,exp_12_LNP_A2M.czi,6,2124133,61736949,33904879,745673,503515,605200,140473,35508.23809523809,16242.41935483871,0.3510481688293529,0.2370449496335681,0.8116158155116251,0.1883841844883749,21,31
139,exp_12_LNP_A2M.czi,7,2476769,93165260,31074797,926404,535727,749591,176813,46320.2,17281.516129032258,0.3740373042459753,0.2163007531182762,0.809140504574678,0.190859495425322,20,31
140,exp_12_LNP_A2M.czi,8,1850518,34174332,23896534,517865,326994,421333,96532,32366.5625,14863.363636363636,0.2798486693995951,0.1767040363833261,0.8135962075058172,0.1864037924941828,16,22
141,exp_12_LNP_A2M.czi,9,2673078,82446914,27306955,1037996,600502,862458,175538,57666.444444444445,26108.782608695652,0.3883148939163017,0.2246481397101019,0.8308875949425624,0.1691124050574376,18,23
142,exp_12_LNP_A2M.czi,10,3246198,127019509,25506617,1301619,643015,1079412,222207,65080.95,20094.21875,0.4009672238107472,0.1980824952760121,0.8292841453605088,0.1707158546394913,20,32
143,exp_12_LNP_A2M.czi,11,2462286,55115498,19975326,863627,511006,737294,126333,57575.13333333333,25550.3,0.3507419528032081,0.2075331622727823,0.8537180982067489,0.146281901793251,15,20
144,exp_13_LNP_CR.czi,0,3087681,47646569,20191133,953379,679778,803292,150087,47668.95,25176.962962962964,0.3087686195562301,0.2201581057110498,0.842573624969713,0.157426375030287,20,27
145,exp_13_LNP_CR.czi,1,3362347,39505073,24361279,994319,784821,746763,247556,58489.35294117647,43601.166666666664,0.2957217086755174,0.2334146356696676,0.751029599152787,0.248970400847213,17,18
146,exp_13_LNP_CR.czi,2,2938252,30749894,18246236,533095,511447,404972,128123,33318.4375,28413.722222222223,0.1814327021644161,0.1740650563668467,0.7596619739446066,0.2403380260553935,16,18
147,exp_13_LNP_CR.czi,3,3230689,53452684,28174289,1213281,715195,1001797,211484,55149.13636363636,27507.5,0.3755486832684916,0.2213753784409455,0.8256924817911102,0.1743075182088898,22,26
148,exp_13_LNP_CR.czi,4,3338863,61053450,30152415,1363604,786176,1131188,232416,75755.77777777778,31447.04,0.4084036991035571,0.2354621917700726,0.8295575548326347,0.1704424451673653,18,25
149,exp_13_LNP_CR.czi,5,3940638,48530975,25392574,1297707,1222142,875492,422215,68300.36842105263,48885.68,0.3293139334290538,0.3101381045404323,0.6746453552304179,0.325354644769582,19,25
150,exp_13_LNP_CR.czi,6,3134996,51486083,37025719,1054905,804566,857470,197435,58605.833333333336,32182.64,0.3364932523039902,0.2566401998599041,0.8128409667221219,0.1871590332778781,18,25
151,exp_13_LNP_CR.czi,7,2633374,97345015,40976437,938517,578734,774293,164224,46925.85,21434.59259259259,0.3563933569633482,0.2197690111621061,0.8250175542904391,0.1749824457095609,20,27
152,exp_13_LNP_CR.czi,8,2406759,27164195,21274793,520208,424709,407252,112956,27379.36842105263,22353.105263157893,0.2161446160583589,0.1764651134575585,0.7828637775658968,0.2171362224341032,19,19
153,exp_13_LNP_CR.czi,9,3743538,63015582,21860324,1256012,1041391,1024793,231219,59810.09523809524,40053.5,0.3355146922510203,0.2781836327025397,0.8159101983102073,0.1840898016897927,21,26
154,exp_13_LNP_CR.czi,10,3360654,100667445,31150348,1214437,959889,937846,276591,57830.333333333336,31996.3,0.3613692453909269,0.2856256550064363,0.7722475517462001,0.2277524482537999,21,30
155,exp_13_LNP_CR.czi,11,3027925,74271041,21308998,699907,496210,537702,162205,36837.21052631579,17721.785714285714,0.2311507055161538,0.163877903184524,0.7682477814909695,0.2317522185090305,19,28
156,exp_14_cellonly_np.czi,0,182506,37434459,17628529,66771,42869,55353,11418,3179.5714285714284,1587.7407407407406,0.3658564649929317,0.2348909076961853,0.8289976187266928,0.1710023812733072,21,27
157,exp_14_cellonly_np.czi,1,239542,42260041,17434142,55078,22734,47194,7884,4589.833333333333,1420.875,0.2299304506099139,0.094906112498017,0.8568575474781219,0.143142452521878,12,16
158,exp_14_cellonly_np.czi,2,441682,31995739,18817827,102255,80225,80306,21949,4260.625,3085.576923076923,0.231512717294343,0.1816352036080256,0.7853503496161557,0.2146496503838443,24,26
159,exp_14_cellonly_np.czi,3,226451,79664821,31529291,99637,64702,82325,17312,4981.85,1578.0975609756097,0.4399936410084301,0.2857218559423451,0.8262492849042022,0.1737507150957977,20,41
160,exp_14_cellonly_np.czi,4,291128,53881916,20155633,74476,38781,60955,13521,6206.333333333333,2281.235294117647,0.255818746393339,0.1332094473908384,0.8184515817176004,0.1815484182823997,12,17
161,exp_14_cellonly_np.czi,5,406274,48236185,19810796,99102,58952,74549,24553,4719.142857142857,1842.25,0.2439289740421489,0.1451040430842239,0.7522451615507255,0.2477548384492744,21,32
162,exp_14_cellonly_np.czi,6,197404,44092224,20321831,58636,32758,49575,9061,4886.333333333333,2047.375,0.297035521063403,0.1659439525034953,0.8454703595061055,0.1545296404938945,12,16
163,exp_14_cellonly_np.czi,7,309582,84856209,31436352,126803,63103,108303,18500,7925.1875,2337.1481481481483,0.4095942270545445,0.2038329101821165,0.8541043981609268,0.1458956018390732,16,27
164,exp_14_cellonly_np.czi,8,387398,39238186,16657230,93201,47282,74602,18599,7169.307692307692,2149.181818181818,0.240582037078147,0.1220501912761552,0.8004420553427538,0.1995579446572461,13,22
165,exp_14_cellonly_np.czi,9,256113,85996323,33414310,113144,76688,93630,19514,5142.909090909091,2644.4137931034484,0.4417737483064116,0.2994303295810833,0.8275295199038394,0.1724704800961606,22,29
166,exp_14_cellonly_np.czi,10,397264,119011028,28465413,140012,75209,119423,20589,8236.0,3008.36,0.3524406943493495,0.1893174312296105,0.8529483187155387,0.1470516812844613,17,25
167,exp_14_cellonly_np.czi,11,473377,72471388,18704595,112612,59377,91726,20886,7038.25,2474.0416666666665,0.2378907297988706,0.1254327945802183,0.8145313110503322,0.1854686889496679,16,24
168,exp_15_LNP_np.czi,0,2483121,37767153,38916643,1001392,916140,801057,200335,41724.666666666664,36645.6,0.4032795824287258,0.368946982446687,0.7999434786776807,0.2000565213223193,24,25
169,exp_15_LNP_np.czi,1,1911283,38086752,30407631,490698,375002,345087,145611,28864.58823529412,19736.947368421053,0.2567374899478518,0.1962043297617359,0.7032574006822934,0.2967425993177066,17,19
170,exp_15_LNP_np.czi,2,1583479,42109914,29376097,382206,284776,317650,64556,20116.105263157893,11391.04,0.2413710570206488,0.1798419808535509,0.8310963197856653,0.1689036802143347,19,25
171,exp_15_LNP_np.czi,3,2371876,58230881,35977085,783818,729935,601008,182810,32659.083333333332,26069.10714285714,0.3304633125846376,0.3077458518067555,0.7667698368753971,0.2332301631246029,24,28
172,exp_15_LNP_np.czi,4,2304144,51340756,34772820,745292,412105,597574,147718,41405.11111111111,18732.045454545456,0.3234572144796506,0.1788538389961738,0.8017984897194657,0.1982015102805343,18,22
173,exp_15_LNP_np.czi,5,2454632,77534731,37384469,967809,741325,782346,185463,37223.42307692308,29653.0,0.3942786535822885,0.3020106476245726,0.8083681800851201,0.1916318199148799,26,25
174,exp_15_LNP_np.czi,6,2420797,115612904,32123994,1008445,548506,878849,129596,53076.05263157895,17693.74193548387,0.4165756153861724,0.2265807500587616,0.8714892730887653,0.1285107269112346,19,31
175,exp_15_LNP_np.czi,7,2518859,106264574,40285982,975086,506568,867547,107539,75006.61538461539,23025.81818181818,0.3871141655805267,0.201110105805843,0.8897133175945506,0.1102866824054493,13,22
176,exp_15_LNP_np.czi,8,2396698,72171285,20556692,576951,236007,491471,85480,38463.4,13882.764705882351,0.2407274508511293,0.0984717306894736,0.8518418375217306,0.1481581624782693,15,17
177,exp_15_LNP_np.czi,9,2664995,66377649,26926900,1085243,792926,908533,176710,72349.53333333334,33038.583333333336,0.4072214019163263,0.297533766479862,0.8371701084457582,0.1628298915542417,15,24
178,exp_15_LNP_np.czi,10,2898275,101842953,25024720,1069311,614980,903518,165793,76379.35714285714,27953.636363636364,0.3689473911205803,0.2121882844105545,0.8449534326309184,0.1550465673690816,14,22
179,exp_15_LNP_np.czi,11,2913132,62312010,21585386,858407,511707,730756,127651,57227.13333333333,25585.35,0.2946680754596771,0.1756552741173417,0.851293151150911,0.148706848849089,15,20
180,exp_16_LNP_VTN.czi,0,3421435,15941866,30114100,1398247,1031908,1014736,383511,82249.82352941176,57328.22222222222,0.4086726768154298,0.3016009364491799,0.7257201338533178,0.2742798661466822,17,18
181,exp_16_LNP_VTN.czi,1,3336859,13180034,30679783,865957,1184449,471826,394131,50938.64705882353,91111.46153846152,0.2595126135086918,0.3549592595911304,0.5448607725325854,0.4551392274674146,17,13
182,exp_16_LNP_VTN.czi,2,2217331,8645733,17503954,413264,522289,255039,158225,25829.0,34819.26666666667,0.1863790295630197,0.2355485040348058,0.6171333578535755,0.3828666421464246,16,15
183,exp_16_LNP_VTN.czi,3,5098034,26131153,21709260,3033856,1589566,2301769,732087,178462.11764705885,83661.36842105263,0.5951031319132042,0.3117998036105683,0.7586942162053835,0.2413057837946164,17,19
184,exp_16_LNP_VTN.czi,4,5234830,31507188,18373925,2639806,1288645,2009163,630643,219983.83333333337,92046.07142857143,0.5042773117751674,0.2461674973208299,0.7611025204124848,0.2388974795875151,12,14
185,exp_16_LNP_VTN.czi,5,4509301,28917338,20812069,2091239,1606922,1492946,598293,149374.2142857143,107128.13333333332,0.4637612348344012,0.3563572269848475,0.7139050103790145,0.2860949896209854,14,15
186,exp_16_LNP_VTN.czi,6,4679247,29511913,19406063,2529534,1375253,2131313,398221,229957.63636363635,85953.3125,0.540585696801216,0.293904767155912,0.8425713985263689,0.1574286014736311,11,16
187,exp_16_LNP_VTN.czi,7,3809626,22414954,11266812,1236486,623802,940999,295487,154560.75,62380.2,0.3245688684401041,0.1637436325770561,0.7610268130815877,0.2389731869184123,8,10
188,exp_16_LNP_VTN.czi,8,5058557,29207719,19702685,2430214,1286370,1826273,603941,135011.88888888888,61255.71428571428,0.4804164507783544,0.2542958397029034,0.7514864946050018,0.2485135053949981,18,21
189,exp_16_LNP_VTN.czi,9,3380500,13838661,13259924,1307046,650149,1047479,259567,130704.6,54179.083333333336,0.3866428043188877,0.1923233249519302,0.8014094377703616,0.1985905622296384,10,12
190,exp_16_LNP_VTN.czi,10,3353903,15336134,11011315,954875,703166,688474,266401,119359.375,100452.28571428572,0.2847056101503233,0.2096560335823665,0.7210095562246367,0.2789904437753632,8,7
191,exp_16_LNP_VTN.czi,11,3892680,14573562,17428865,1302508,891570,954631,347877,108542.33333333331,68582.30769230769,0.3346044370459426,0.229037578223743,0.7329175713316156,0.2670824286683844,12,13
192,exp_17_LNP_A2M.czi,0,2171148,52160845,25357096,553107,517259,406422,146685,32535.70588235294,24631.38095238095,0.2547532457483322,0.2382421649744743,0.7347981493635047,0.2652018506364952,17,21
193,exp_17_LNP_A2M.czi,1,2045953,36880173,18449037,465328,268950,395178,70150,42302.545454545456,22412.5,0.2274382647108706,0.1314546326333009,0.8492461231647355,0.1507538768352646,11,12
194,exp_17_LNP_A2M.czi,2,1827086,38327240,16149876,316972,169465,247443,69529,24382.46153846154,10591.5625,0.1734849919489285,0.0927515179909429,0.7806462400464395,0.2193537599535605,13,16
195,exp_17_LNP_A2M.czi,3,2965583,73180078,27993134,1495066,1136364,1357995,137071,93441.625,47348.5,0.504138983801836,0.3831840147451614,0.908317759884848,0.0916822401151521,16,24
196,exp_17_LNP_A2M.czi,4,2707305,92176950,33316553,961266,417882,846610,114656,64084.4,18994.636363636364,0.3550637996088361,0.1543534991439826,0.8807239619418559,0.1192760380581441,15,22
197,exp_17_LNP_A2M.czi,5,2631581,66305326,21552326,860809,391521,700816,159993,47822.72222222222,18643.85714285714,0.3271071648564114,0.1487778639532661,0.8141364692980673,0.1858635307019327,18,21
198,exp_17_LNP_A2M.czi,6,2015718,54768721,17384667,503798,264162,406991,96807,35985.57142857143,16510.125,0.2499347626999411,0.1310510696436704,0.8078456047860452,0.1921543952139548,14,16
199,exp_17_LNP_A2M.czi,7,2594029,73318837,25945185,981288,606537,851126,130162,70092.0,30326.85,0.3782872126718706,0.2338204391701095,0.8673559648135919,0.132644035186408,14,20
200,exp_17_LNP_A2M.czi,8,2559105,87329139,30689277,945385,550230,787639,157746,59086.5625,22009.2,0.3694201683791794,0.2150087628291922,0.833140995467455,0.1668590045325449,16,25
201,exp_17_LNP_A2M.czi,9,2215828,102050824,19710919,692179,279827,598030,94149,46145.26666666667,15545.944444444443,0.3123793904581041,0.1262855239666616,0.8639817157122652,0.1360182842877348,15,18
202,exp_17_LNP_A2M.czi,10,2840173,65599518,14519670,556745,228126,485054,71691,50613.181818181816,19010.5,0.1960250308695984,0.0803211635347565,0.8712318925181187,0.1287681074818813,11,12
203,exp_17_LNP_A2M.czi,11,3469626,80795171,16133637,739888,323255,621117,118771,61657.333333333336,19015.0,0.2132471914840389,0.0931671021602904,0.8394743528750297,0.1605256471249702,12,17
204,exp_18_LNP_CR.czi,0,3504238,45245681,16964187,458436,237549,387680,70756,45843.6,14846.8125,0.130823305951251,0.0677890599896468,0.8456578453699098,0.1543421546300901,10,16
205,exp_18_LNP_CR.czi,1,4607033,78199866,24535224,1077615,710254,945944,131671,63389.117647058825,30880.608695652172,0.2339065077241686,0.1541673350288569,0.8778125768479467,0.1221874231520533,17,23
206,exp_18_LNP_CR.czi,2,3271903,56925563,27033378,913533,549214,767437,146096,65252.357142857145,18938.41379310345,0.2792054043166928,0.1678576657070823,0.8400758374355387,0.1599241625644612,14,29
207,exp_18_LNP_CR.czi,3,3398369,87323378,22845114,759959,452909,613311,146648,39997.84210526316,18871.208333333332,0.2236246269901826,0.1332724609952597,0.8070316951309215,0.1929683048690784,19,24
208,exp_18_LNP_CR.czi,4,3987288,20062192,6504794,248757,150892,204896,43861,62189.25,37723.0,0.0623875175307126,0.0378432658990271,0.8236793336468924,0.1763206663531076,4,4
209,exp_18_LNP_CR.czi,5,3897686,40892714,17776273,889035,474098,717343,171692,63502.5,22576.095238095237,0.2280930275040113,0.1216357602946979,0.8068782443885786,0.1931217556114213,14,21
210,exp_18_LNP_CR.czi,6,2974672,52523505,23288683,416886,243693,351142,65744,29777.571428571428,14334.882352941177,0.1401451992017943,0.0819226455891607,0.842297414640933,0.1577025853590669,14,17
211,exp_18_LNP_CR.czi,7,5364561,44662590,23804523,515559,337421,380203,135356,46869.0,28118.416666666668,0.0961046020354694,0.0628981569973759,0.7374577885363266,0.2625422114636734,11,12
212,exp_18_LNP_CR.czi,8,3489386,47312881,32886433,922874,708990,760247,162627,41948.818181818184,29541.25,0.2644803412405506,0.2031847436769678,0.8237820114121754,0.1762179885878245,22,24
213,exp_18_LNP_CR.czi,9,3846929,71529981,25353175,1024360,534270,847737,176623,102436.0,29681.666666666668,0.2662799339421133,0.1388822096794612,0.8275772189464642,0.1724227810535358,10,18
214,exp_18_LNP_CR.czi,10,5889906,76253107,26070755,1200361,1001634,929270,271091,80024.06666666667,58919.64705882353,0.2037996871257368,0.1700594203031423,0.7741587739021845,0.2258412260978155,15,17
215,exp_18_LNP_CR.czi,11,4998175,86383844,23280660,843189,380046,686788,156401,49599.35294117647,19002.3,0.1686993752719742,0.0760369534880231,0.814512523289559,0.1854874767104409,17,20
